"Date","Price","Open","High","Low","Vol.","Change %"
"05-03-2026","140.11","139.00","140.55","138.11","8.27M","1.66%"
"04-03-2026","137.82","135.00","139.30","134.41","16.67M","-0.11%"
"02-03-2026","137.97","133.00","138.68","130.70","26.70M","-1.53%"
"27-02-2026","140.11","141.00","141.66","139.80","8.05M","-0.87%"
"26-02-2026","141.34","141.00","142.00","140.50","6.53M","0.57%"
"25-02-2026","140.54","144.70","145.60","139.81","17.86M","-2.61%"
"24-02-2026","144.31","143.50","144.72","142.24","8.25M","0.18%"
"23-02-2026","144.05","145.15","145.69","142.70","9.10M","0.95%"
"20-02-2026","142.70","140.45","144.33","139.70","11.92M","1.60%"
"19-02-2026","140.45","145.70","146.43","140.00","14.05M","-2.80%"
"18-02-2026","144.49","144.50","145.25","142.20","10.12M","0.10%"
"17-02-2026","144.35","142.54","145.00","141.58","11.02M","1.11%"
"16-02-2026","142.77","140.50","143.65","139.01","17.31M","2.05%"
"13-02-2026","139.90","149.20","149.30","139.10","38.68M","-6.60%"
"12-02-2026","149.79","150.47","150.75","148.75","8.55M","-0.74%"
"11-02-2026","150.91","149.59","151.33","147.80","10.70M","1.25%"
"10-02-2026","149.05","152.00","152.00","147.81","17.01M","-1.53%"
"09-02-2026","151.37","154.00","154.85","150.60","13.74M","-0.90%"
"06-02-2026","152.74","152.00","154.11","150.00","17.33M","-0.46%"
"05-02-2026","153.45","155.29","156.90","151.10","26.96M","-1.18%"
"04-02-2026","155.29","145.00","156.09","143.00","78.43M","8.13%"
"03-02-2026","143.62","145.00","149.04","140.60","54.95M","6.70%"
"02-02-2026","134.60","133.48","135.00","130.63","10.59M","1.32%"
"01-02-2026","132.85","136.50","139.86","131.95","10.16M","-1.87%"
"30-01-2026","135.38","133.00","136.50","131.91","15.16M","1.12%"
"29-01-2026","133.88","135.50","136.49","132.64","26.87M","-0.62%"
"28-01-2026","134.72","135.14","135.90","133.60","14.84M","0.16%"
"27-01-2026","134.50","135.00","137.50","132.96","24.10M","1.16%"
"23-01-2026","132.96","141.00","142.90","128.10","52.43M","-5.65%"
"22-01-2026","140.92","139.89","141.55","139.00","10.76M","2.39%"
"21-01-2026","137.63","137.50","139.64","134.80","19.42M","0.11%"
"20-01-2026","137.48","141.50","142.40","136.50","15.69M","-2.19%"
"19-01-2026","140.56","141.80","142.40","139.95","8.36M","-1.45%"
"16-01-2026","142.63","142.60","144.50","141.50","8.65M","-0.10%"
"14-01-2026","142.77","143.00","143.37","141.61","7.29M","-0.43%"
"13-01-2026","143.38","143.00","144.06","142.01","7.27M","0.59%"
"12-01-2026","142.54","141.65","143.36","139.53","10.35M","0.61%"
"09-01-2026","141.68","143.20","143.99","140.54","11.32M","-0.85%"
"08-01-2026","142.89","146.37","147.55","142.10","9.86M","-2.38%"
"07-01-2026","146.37","147.55","148.40","145.80","7.29M","-0.80%"
"06-01-2026","147.55","147.50","149.17","146.80","14.51M","0.92%"
"05-01-2026","146.20","148.00","148.40","144.46","15.84M","-1.33%"
"02-01-2026","148.17","149.00","149.90","147.30","14.41M","-0.40%"
"01-01-2026","148.76","143.25","153.16","142.80","64.00M","4.04%"
"31-12-2025","142.99","144.55","144.65","142.50","8.47M","-1.15%"
"30-12-2025","144.65","140.43","145.23","139.68","15.93M","3.00%"
"29-12-2025","140.44","142.19","142.49","140.00","7.53M","-1.23%"
"26-12-2025","142.19","143.15","144.37","141.90","7.68M","-0.68%"
"24-12-2025","143.16","144.70","144.70","142.67","7.91M","-0.79%"
"23-12-2025","144.30","143.80","144.60","142.32","7.44M","0.73%"
"22-12-2025","143.25","141.77","143.70","141.77","9.61M","1.05%"
"19-12-2025","141.76","141.50","142.20","140.68","7.87M","0.33%"
"18-12-2025","141.30","143.00","143.00","140.70","6.85M","-1.19%"
"17-12-2025","143.00","145.40","145.45","142.05","9.80M","-1.60%"
"16-12-2025","145.33","144.75","145.80","143.94","12.13M","0.66%"
"15-12-2025","144.38","144.49","145.45","142.29","8.95M","-0.08%"
"12-12-2025","144.49","141.39","145.00","141.39","13.45M","2.78%"
"11-12-2025","140.58","141.00","142.10","139.25","10.48M","-0.42%"
"10-12-2025","141.18","142.20","143.50","140.70","7.79M","-0.44%"
"09-12-2025","141.80","139.04","142.85","135.00","20.83M","1.99%"
"08-12-2025","139.04","144.25","145.16","138.21","14.99M","-3.30%"
"05-12-2025","143.78","143.00","144.20","142.37","7.23M","0.74%"
"04-12-2025","142.73","145.00","146.84","142.31","11.15M","-1.55%"
"03-12-2025","144.97","146.90","147.68","144.54","10.33M","-1.22%"
"02-12-2025","146.76","147.30","148.18","146.05","6.39M","-0.39%"
"01-12-2025","147.34","148.21","148.82","147.01","7.76M","-0.10%"
"28-11-2025","147.49","148.55","149.09","147.20","10.05M","-0.43%"
"27-11-2025","148.13","149.15","150.64","147.40","19.41M","-0.33%"
"26-11-2025","148.62","147.20","148.90","146.35","10.55M","1.21%"
"25-11-2025","146.84","145.44","148.26","145.12","10.80M","0.96%"
"24-11-2025","145.44","150.00","150.30","144.80","13.88M","-2.47%"
"21-11-2025","149.12","151.00","151.19","148.90","9.64M","-1.54%"
"20-11-2025","151.46","152.29","153.40","151.00","11.44M","-0.10%"
"19-11-2025","151.61","150.30","152.66","150.09","21.36M","1.38%"
"18-11-2025","149.55","153.15","153.88","149.12","22.50M","-2.43%"
"17-11-2025","153.28","155.35","155.35","153.00","15.16M","-0.41%"
"14-11-2025","153.91","152.46","155.99","152.20","26.82M","1.36%"
"13-11-2025","151.85","151.98","154.20","151.50","20.56M","-0.09%"
"12-11-2025","151.98","152.00","153.78","150.66","27.33M","0.54%"
"11-11-2025","151.17","151.49","151.90","146.71","42.38M","0.74%"
"10-11-2025","150.06","152.75","154.48","149.50","19.50M","-0.94%"
"07-11-2025","151.48","152.99","154.79","150.85","36.64M","-1.10%"
"06-11-2025","153.17","158.36","158.38","152.33","24.26M","-3.30%"
"04-11-2025","158.39","156.00","159.50","153.21","41.40M","1.06%"
"03-11-2025","156.73","158.99","158.99","156.10","22.32M","-0.71%"
"31-10-2025","157.85","161.60","161.74","157.50","44.71M","-2.90%"
"30-10-2025","162.57","163.70","164.70","160.20","64.99M","0.29%"
"29-10-2025","162.10","163.28","168.40","161.75","67.87M","-0.14%"
"28-10-2025","162.33","163.70","164.22","161.10","29.99M","-0.39%"
"27-10-2025","162.96","168.50","169.77","162.00","51.62M","-2.84%"
"24-10-2025","167.72","164.45","169.18","164.00","44.52M","1.49%"
"23-10-2025","165.26","171.05","172.36","164.25","55.33M","-3.23%"
"21-10-2025","170.78","171.50","174.39","168.00","26.43M","0.28%"
"20-10-2025","170.30","168.05","172.20","166.70","107.48M","2.60%"
"17-10-2025","165.98","157.26","168.00","156.77","170.75M","5.47%"
"16-10-2025","157.37","158.10","158.69","155.50","111.09M","-0.09%"
"15-10-2025","157.51","154.85","158.00","150.43","64.55M","1.68%"
"14-10-2025","154.90","155.01","157.50","152.80","52.87M","0.30%"
"13-10-2025","154.43","148.00","155.75","147.52","64.93M","3.16%"
"10-10-2025","149.70","149.10","150.79","147.84","23.71M","0.53%"
"09-10-2025","148.91","149.40","149.98","147.44","26.07M","0.09%"
"08-10-2025","148.78","151.70","152.50","148.42","45.82M","-1.78%"
"07-10-2025","151.48","151.99","155.40","150.35","55.39M","-0.34%"
"06-10-2025","151.99","148.00","152.99","147.38","68.65M","3.13%"
"03-10-2025","147.38","152.90","153.00","143.15","124.14M","-3.36%"
"01-10-2025","152.51","144.95","153.30","144.81","63.06M","5.43%"
"30-09-2025","144.65","148.00","148.25","143.90","22.47M","-1.36%"
"29-09-2025","146.65","148.70","149.60","144.20","43.21M","0.27%"
"26-09-2025","146.25","151.35","152.90","144.70","65.04M","-1.85%"
"25-09-2025","149.00","145.50","153.90","145.50","158.37M","3.11%"
"24-09-2025","144.50","163.25","163.70","142.10","135.96M","-10.99%"
"23-09-2025","162.35","179.90","182.70","160.25","192.60M","-4.64%"
"22-09-2025","170.25","148.20","170.25","147.30","134.76M","20.00%"
"19-09-2025","141.88","135.20","144.60","133.07","431.62M","12.36%"
"18-09-2025","126.27","126.69","127.06","125.20","19.88M","0.13%"
"17-09-2025","126.10","127.98","128.05","125.72","20.89M","-1.07%"
"16-09-2025","127.47","129.40","129.66","127.16","22.72M","-1.06%"
"15-09-2025","128.83","131.30","133.36","128.08","38.90M","-0.68%"
"12-09-2025","129.71","125.60","130.10","125.56","46.41M","3.83%"
"11-09-2025","124.93","127.70","130.60","120.00","298.01M","-1.54%"
"10-09-2025","126.89","129.40","131.71","126.50","31.78M","-1.43%"
"09-09-2025","128.73","127.60","129.60","127.17","27.74M","1.55%"
"08-09-2025","126.77","123.40","129.92","122.81","84.74M","3.96%"
"05-09-2025","121.94","121.59","122.88","120.40","9.97M","0.16%"
"04-09-2025","121.74","122.60","123.12","121.31","9.10M","-0.10%"
"03-09-2025","121.86","122.20","123.20","120.94","15.35M","0.16%"
"02-09-2025","121.67","122.34","122.34","120.30","10.75M","0.25%"
"01-09-2025","121.37","121.18","123.00","120.64","16.64M","1.03%"
"29-08-2025","120.13","119.68","120.64","116.70","18.10M","0.96%"
"28-08-2025","118.99","118.00","121.38","117.04","14.02M","0.48%"
"26-08-2025","118.42","120.98","121.00","118.00","11.30M","-2.24%"
"25-08-2025","121.13","119.03","121.60","118.02","13.44M","1.91%"
"22-08-2025","118.86","119.40","120.59","118.40","6.38M","-0.32%"
"21-08-2025","119.24","120.18","120.80","119.05","4.97M","-0.63%"
"20-08-2025","119.99","120.79","121.47","119.02","7.01M","-1.00%"
"19-08-2025","121.20","119.80","121.60","119.26","14.09M","1.21%"
"18-08-2025","119.75","118.02","120.30","117.30","16.06M","2.52%"
"14-08-2025","116.81","117.38","117.89","116.22","4.81M","-0.26%"
"13-08-2025","117.12","118.96","118.96","116.70","9.02M","-1.00%"
"12-08-2025","118.30","119.05","119.68","117.84","11.41M","-0.40%"
"11-08-2025","118.78","115.38","119.80","114.24","15.15M","2.95%"
"08-08-2025","115.38","116.40","116.66","114.80","12.84M","-0.35%"
"07-08-2025","115.79","112.22","116.40","110.45","35.74M","2.03%"
"06-08-2025","113.49","115.99","116.39","113.12","7.60M","-2.08%"
"05-08-2025","115.90","116.80","116.82","115.16","7.60M","-0.77%"
"04-08-2025","116.80","113.40","117.54","112.83","13.68M","3.00%"
"01-08-2025","113.40","117.60","118.59","112.80","31.07M","-3.59%"
"31-07-2025","117.62","116.00","118.38","115.46","12.73M","-0.27%"
"30-07-2025","117.94","118.80","120.46","117.42","14.56M","-0.48%"
"29-07-2025","118.51","114.00","118.94","113.26","25.85M","3.84%"
"28-07-2025","114.13","113.96","115.39","112.20","13.41M","0.11%"
"25-07-2025","114.00","116.78","116.88","113.60","11.50M","-2.69%"
"24-07-2025","117.15","118.16","118.58","116.66","8.16M","-0.54%"
"23-07-2025","117.79","118.56","119.24","117.43","9.60M","-0.27%"
"22-07-2025","118.11","119.82","120.29","117.40","10.39M","-1.01%"
"21-07-2025","119.32","119.20","120.70","118.22","10.22M","0.33%"
"18-07-2025","118.93","119.72","119.88","117.69","15.52M","-0.67%"
"17-07-2025","119.73","121.49","121.73","119.50","17.58M","-1.03%"
"16-07-2025","120.97","121.98","122.86","120.60","18.55M","-0.53%"
"15-07-2025","121.62","122.58","123.20","121.14","19.42M","-0.24%"
"14-07-2025","121.91","120.82","123.86","120.45","37.02M","0.93%"
"11-07-2025","120.79","121.40","122.40","120.07","20.24M","-0.31%"
"10-07-2025","121.16","120.88","124.00","120.42","74.69M","0.61%"
"09-07-2025","120.43","120.51","122.00","119.30","27.10M","0.36%"
"08-07-2025","120.00","120.70","123.00","118.40","49.62M","0.48%"
"07-07-2025","119.43","116.96","120.00","115.75","21.55M","2.11%"
"04-07-2025","116.96","117.58","118.16","116.22","10.89M","-0.53%"
"03-07-2025","117.58","119.00","119.24","117.00","18.36M","-0.59%"
"02-07-2025","118.28","119.20","120.38","117.55","20.39M","0.00%"
"01-07-2025","118.28","117.68","121.40","117.30","40.27M","0.96%"
"30-06-2025","117.15","117.90","119.46","116.47","22.73M","0.24%"
"27-06-2025","116.87","116.00","121.36","114.84","78.22M","1.07%"
"26-06-2025","115.63","111.80","116.08","111.60","30.62M","3.80%"
"25-06-2025","111.40","109.84","111.80","109.75","17.17M","1.86%"
"24-06-2025","109.37","108.98","110.40","107.74","20.57M","1.64%"
"23-06-2025","107.60","106.00","108.29","105.65","15.23M","1.46%"
"20-06-2025","106.05","107.60","109.11","105.42","47.74M","-1.16%"
"19-06-2025","107.30","110.20","111.75","106.50","13.57M","-2.60%"
"18-06-2025","110.16","111.60","112.07","110.00","10.06M","-1.33%"
"17-06-2025","111.64","112.91","114.22","111.40","9.82M","-0.84%"
"16-06-2025","112.59","113.59","114.40","111.01","13.95M","-1.39%"
"13-06-2025","114.18","111.09","115.68","109.87","29.63M","0.66%"
"12-06-2025","113.43","117.41","117.74","113.10","25.70M","-3.39%"
"11-06-2025","117.41","120.55","121.00","116.59","43.82M","-1.51%"
"10-06-2025","119.21","113.54","122.12","112.49","150.43M","5.85%"
"09-06-2025","112.62","111.95","114.80","111.26","23.62M","1.41%"
"06-06-2025","111.05","110.15","112.79","109.82","20.06M","1.39%"
"05-06-2025","109.53","109.54","110.74","109.31","9.62M","0.46%"
"04-06-2025","109.03","109.48","109.98","107.72","13.01M","0.10%"
"03-06-2025","108.92","110.51","110.64","108.60","12.93M","-1.89%"
"02-06-2025","111.02","109.40","111.98","109.00","17.79M","2.08%"
"30-05-2025","108.76","110.61","111.09","108.18","15.37M","-1.48%"
"29-05-2025","110.39","110.77","111.77","110.20","12.88M","0.23%"
"28-05-2025","110.14","111.00","113.42","106.16","24.56M","-0.33%"
"27-05-2025","110.51","112.00","112.06","109.96","13.87M","-1.08%"
"26-05-2025","111.72","111.38","113.98","111.23","19.17M","0.98%"
"23-05-2025","110.64","111.20","112.08","110.20","12.03M","-0.09%"
"22-05-2025","110.74","110.30","112.15","109.83","14.94M","0.44%"
"21-05-2025","110.25","111.20","112.20","109.37","13.38M","-0.89%"
"20-05-2025","111.24","112.79","113.50","110.57","17.16M","-1.08%"
"19-05-2025","112.45","113.30","114.60","111.84","18.98M","-0.57%"
"16-05-2025","113.10","109.00","113.96","108.62","49.53M","4.12%"
"15-05-2025","108.62","108.48","109.26","107.46","17.75M","0.61%"
"14-05-2025","107.96","108.54","108.71","107.16","17.97M","0.19%"
"13-05-2025","107.75","109.31","109.46","107.20","27.79M","-1.43%"
"12-05-2025","109.31","108.99","110.57","108.30","32.05M","6.75%"
"09-05-2025","102.40","101.00","103.20","101.00","21.35M","-1.58%"
"08-05-2025","104.04","107.20","108.38","103.00","26.22M","-2.21%"
"07-05-2025","106.39","104.22","107.78","104.20","30.00M","-0.76%"
"06-05-2025","107.21","111.98","113.10","106.50","40.33M","-3.67%"
"05-05-2025","111.29","105.60","116.87","105.10","136.05M","5.95%"
"02-05-2025","105.04","105.90","108.72","104.60","21.54M","-1.29%"
"30-04-2025","106.41","109.96","110.35","105.25","26.03M","-3.03%"
"29-04-2025","109.73","111.60","112.40","109.27","14.60M","-0.74%"
"28-04-2025","110.55","109.61","111.50","108.25","19.83M","0.62%"
"25-04-2025","109.87","115.39","117.11","108.85","38.83M","-4.60%"
"24-04-2025","115.17","116.00","116.98","114.25","14.52M","-0.61%"
"23-04-2025","115.88","115.40","116.84","114.80","21.21M","1.06%"
"22-04-2025","114.67","114.80","115.95","113.75","19.81M","0.76%"
"21-04-2025","113.81","110.25","117.11","109.81","49.68M","3.52%"
"17-04-2025","109.94","109.54","112.27","108.43","32.96M","0.76%"
"16-04-2025","109.11","108.60","109.55","107.62","13.51M","0.62%"
"15-04-2025","108.44","105.20","110.89","104.49","40.28M","4.62%"
"11-04-2025","103.65","103.73","104.86","102.85","15.98M","1.93%"
"09-04-2025","101.69","102.59","102.80","101.00","9.32M","-0.99%"
"08-04-2025","102.71","105.00","105.09","101.60","19.08M","0.71%"
"07-04-2025","101.99","92.40","103.00","92.40","39.42M","-4.24%"
"04-04-2025","106.51","105.60","107.98","104.34","44.71M","0.70%"
"03-04-2025","105.77","102.00","107.61","101.62","41.66M","2.98%"
"02-04-2025","102.71","101.54","103.60","100.37","15.97M","1.75%"
"01-04-2025","100.94","101.57","102.64","100.32","11.79M","-0.90%"
"28-03-2025","101.86","104.40","105.11","101.51","25.87M","-2.04%"
"27-03-2025","103.98","99.40","104.70","98.47","36.62M","4.43%"
"26-03-2025","99.57","101.80","103.16","99.20","18.56M","-1.94%"
"25-03-2025","101.54","105.40","105.59","101.01","17.59M","-3.10%"
"24-03-2025","104.79","105.48","107.48","104.40","17.59M","0.35%"
"21-03-2025","104.42","104.20","108.30","103.62","39.31M","0.47%"
"20-03-2025","103.93","105.14","105.48","102.86","12.46M","-0.26%"
"19-03-2025","104.20","103.75","105.40","102.87","18.17M","0.94%"
"18-03-2025","103.23","103.00","103.80","102.00","14.55M","0.97%"
"17-03-2025","102.24","102.39","103.65","101.70","15.53M","-0.16%"
"13-03-2025","102.40","103.38","105.46","102.05","25.51M","-0.07%"
"12-03-2025","102.47","103.20","104.12","101.20","20.62M","0.43%"
"11-03-2025","102.03","100.20","102.62","99.51","23.04M","1.01%"
"10-03-2025","101.01","101.23","107.13","100.17","59.51M","-0.22%"
"07-03-2025","101.23","100.98","102.31","99.80","19.45M","0.60%"
"06-03-2025","100.63","101.60","102.11","100.13","17.80M","-0.47%"
"05-03-2025","101.11","96.80","102.34","96.80","42.53M","4.61%"
"04-03-2025","96.65","95.99","97.67","95.26","13.61M","0.02%"
"03-03-2025","96.63","97.52","99.40","94.81","29.22M","0.88%"
"28-02-2025","95.79","99.00","100.31","94.60","33.02M","-3.68%"
"27-02-2025","99.45","100.60","102.44","98.13","44.18M","-0.11%"
"25-02-2025","99.56","94.02","102.96","93.90","126.18M","5.89%"
"24-02-2025","94.02","95.58","95.71","93.60","9.63M","-1.79%"
"21-02-2025","95.73","97.00","98.09","95.00","11.70M","-1.17%"
"20-02-2025","96.86","96.00","99.00","95.47","18.91M","0.36%"
"19-02-2025","96.51","95.74","97.77","94.52","15.97M","-0.45%"
"18-02-2025","96.95","98.20","98.88","96.30","12.56M","-1.12%"
"17-02-2025","98.05","96.12","98.98","94.43","19.31M","0.33%"
"14-02-2025","97.73","100.10","100.30","96.81","16.46M","-1.91%"
"13-02-2025","99.63","100.60","101.24","98.62","17.54M","-0.72%"
"12-02-2025","100.35","100.07","100.98","96.49","31.59M","0.72%"
"11-02-2025","99.63","98.82","102.38","97.62","60.08M","1.37%"
"10-02-2025","98.28","99.00","99.80","97.62","13.18M","-0.55%"
"07-02-2025","98.82","101.00","101.34","98.20","21.93M","-1.86%"
"06-02-2025","100.69","101.88","102.27","100.29","11.94M","-0.39%"
"05-02-2025","101.08","102.19","103.15","100.61","17.90M","-0.19%"
"04-02-2025","101.27","102.60","102.60","100.24","14.11M","0.82%"
"03-02-2025","100.45","101.81","103.15","99.65","14.77M","-2.34%"
"01-02-2025","102.86","102.64","107.35","101.79","34.40M","0.21%"
"31-01-2025","102.64","101.69","103.27","100.85","19.06M","0.86%"
"30-01-2025","101.76","104.80","104.90","101.00","22.19M","-2.67%"
"29-01-2025","104.55","100.59","105.58","99.38","39.17M","5.14%"
"28-01-2025","99.44","99.47","101.37","96.63","23.47M","0.06%"
"27-01-2025","99.38","102.97","102.97","98.60","17.19M","-3.49%"
"24-01-2025","102.97","104.51","105.76","101.80","24.72M","-1.33%"
"23-01-2025","104.36","105.05","107.59","103.74","21.69M","-0.69%"
"22-01-2025","105.09","106.18","106.60","102.71","17.53M","-0.62%"
"21-01-2025","105.75","109.00","109.95","105.25","19.74M","-2.77%"
"20-01-2025","108.76","110.25","110.82","107.80","23.24M","-1.36%"
"17-01-2025","110.26","112.59","114.71","109.00","51.45M","-2.08%"
"16-01-2025","112.60","117.00","119.68","111.28","107.82M","2.47%"
"15-01-2025","109.89","107.99","114.38","104.60","195.59M","2.32%"
"14-01-2025","107.40","92.00","107.97","91.99","255.57M","19.36%"
"13-01-2025","89.98","95.21","95.59","89.00","26.85M","-6.72%"
"10-01-2025","96.46","99.60","100.58","95.69","18.19M","-3.13%"
"09-01-2025","99.58","101.40","101.76","99.26","8.62M","-1.40%"
"08-01-2025","100.99","102.89","102.89","100.58","11.56M","-0.96%"
"07-01-2025","101.97","99.79","104.29","99.51","28.03M","2.32%"
"06-01-2025","99.66","103.80","104.00","99.20","14.94M","-4.26%"
"03-01-2025","104.09","104.60","106.45","103.61","14.83M","-0.26%"
"02-01-2025","104.36","105.80","105.96","104.00","10.28M","-0.92%"
"01-01-2025","105.33","106.20","106.87","105.00","15.32M","-0.53%"
"31-12-2024","105.89","106.60","107.48","104.72","22.36M","-1.85%"
"30-12-2024","107.89","101.60","111.78","100.30","74.07M","6.45%"
"27-12-2024","101.35","102.10","102.75","100.87","23.36M","-0.08%"
"26-12-2024","101.43","99.60","103.16","99.12","33.52M","2.25%"
"24-12-2024","99.20","101.20","101.96","99.00","16.40M","-1.61%"
"23-12-2024","100.82","100.98","102.00","98.93","19.86M","1.25%"
"20-12-2024","99.58","102.28","105.40","98.21","40.40M","-2.05%"
"19-12-2024","101.66","102.00","103.29","101.34","17.92M","-2.47%"
"18-12-2024","104.23","105.20","105.97","103.50","14.88M","-0.66%"
"17-12-2024","104.92","105.80","108.32","104.40","24.59M","-1.00%"
"16-12-2024","105.98","107.80","107.88","105.46","13.11M","-1.25%"
"13-12-2024","107.32","107.92","108.94","106.40","30.41M","-0.60%"
"12-12-2024","107.97","103.85","112.36","102.70","127.52M","3.97%"
"11-12-2024","103.85","105.40","106.11","103.60","14.74M","-1.43%"
"10-12-2024","105.36","107.40","107.55","104.68","17.15M","-1.70%"
"09-12-2024","107.18","107.80","108.83","106.84","18.75M","-0.04%"
"06-12-2024","107.22","108.00","109.22","106.80","20.00M","-0.25%"
"05-12-2024","107.49","108.00","109.88","106.76","30.73M","-0.02%"
"04-12-2024","107.51","109.36","109.68","107.08","25.33M","-1.22%"
"03-12-2024","108.84","110.40","111.16","108.60","44.38M","-0.86%"
"02-12-2024","109.78","111.41","113.32","108.65","65.24M","-1.06%"
"29-11-2024","110.96","112.20","117.50","108.55","229.82M","-1.11%"
"28-11-2024","112.20","106.88","116.76","106.01","303.88M","7.26%"
"27-11-2024","104.61","87.35","105.03","86.43","290.48M","19.51%"
"26-11-2024","87.53","90.06","91.08","86.65","72.40M","-2.02%"
"25-11-2024","89.33","94.76","96.00","88.20","171.52M","-3.00%"
"22-11-2024","92.09","91.04","98.32","89.21","167.47M","-3.30%"
"21-11-2024","95.23","87.99","98.88","86.40","203.77M","-9.15%"
"19-11-2024","104.82","106.40","107.52","104.32","20.12M","-0.52%"
"18-11-2024","105.37","111.19","111.48","105.02","18.32M","-4.05%"
"14-11-2024","109.82","111.99","113.42","109.40","15.48M","0.38%"
"13-11-2024","109.40","112.00","119.60","108.26","62.01M","-1.96%"
"12-11-2024","111.59","115.96","117.42","111.00","12.19M","-3.63%"
"11-11-2024","115.79","117.00","117.52","115.52","6.22M","-1.71%"
"08-11-2024","117.80","119.80","119.88","117.33","5.97M","-1.78%"
"07-11-2024","119.93","123.26","123.37","119.29","9.00M","-2.70%"
"06-11-2024","123.26","121.48","125.40","121.10","15.77M","2.13%"
"05-11-2024","120.69","116.99","121.48","116.20","10.44M","3.15%"
"04-11-2024","117.00","119.39","119.39","116.44","7.36M","-2.07%"
"01-11-2024","119.47","119.14","119.99","118.70","1.98M","0.78%"
"31-10-2024","118.54","120.20","121.98","118.00","12.17M","0.11%"
"30-10-2024","118.41","119.00","119.96","116.81","9.04M","-0.04%"
"29-10-2024","118.46","115.99","119.22","115.66","13.25M","-0.99%"
"28-10-2024","119.64","117.22","121.34","114.53","18.42M","1.00%"
"25-10-2024","118.46","121.14","122.46","117.02","12.16M","-2.07%"
"24-10-2024","120.97","117.56","122.40","117.00","19.28M","2.89%"
"23-10-2024","117.57","117.59","119.20","115.61","27.09M","-0.05%"
"22-10-2024","117.63","120.80","121.43","116.74","12.23M","-2.56%"
"21-10-2024","120.72","123.00","123.62","120.00","6.62M","-1.28%"
"18-10-2024","122.28","121.80","122.78","119.01","11.40M","0.38%"
"17-10-2024","121.82","125.20","125.74","121.56","10.13M","-2.67%"
"16-10-2024","125.16","126.31","127.16","124.31","8.60M","-1.28%"
"15-10-2024","126.78","128.00","128.07","126.49","4.65M","-0.09%"
"14-10-2024","126.89","128.50","129.14","126.20","9.06M","-1.22%"
"11-10-2024","128.46","129.00","129.08","127.49","5.55M","-0.48%"
"10-10-2024","129.08","128.39","129.68","126.21","8.25M","1.75%"
"09-10-2024","126.86","129.28","129.80","126.31","6.35M","-0.98%"
"08-10-2024","128.12","124.98","129.18","122.64","11.75M","2.42%"
"07-10-2024","125.09","128.29","129.19","122.68","14.30M","-2.59%"
"04-10-2024","128.42","127.99","129.60","127.02","10.84M","-0.41%"
"03-10-2024","128.95","129.81","130.58","126.31","13.13M","-1.29%"
"01-10-2024","130.64","131.00","132.16","130.40","6.33M","-0.45%"
"30-09-2024","131.23","130.80","132.53","129.70","11.06M","0.28%"
"27-09-2024","130.86","133.00","134.88","129.34","15.59M","-1.66%"
"26-09-2024","133.07","133.60","133.73","132.02","6.41M","-0.30%"
"25-09-2024","133.47","134.00","135.40","132.00","9.61M","-1.17%"
"24-09-2024","135.05","134.40","135.60","133.34","13.65M","0.48%"
"23-09-2024","134.40","134.40","134.95","132.10","16.99M","1.03%"
"20-09-2024","133.03","129.92","134.00","129.92","14.68M","2.39%"
"19-09-2024","129.92","131.00","131.61","127.40","11.82M","-0.32%"
"18-09-2024","130.34","132.20","133.54","129.80","8.77M","-2.20%"
"17-09-2024","133.27","133.20","134.80","130.44","19.12M","0.06%"
"16-09-2024","133.19","132.20","136.31","130.16","71.31M","5.13%"
"13-09-2024","126.69","128.53","129.32","126.20","14.05M","-2.71%"
"12-09-2024","130.22","126.70","131.00","124.60","27.54M","3.81%"
"11-09-2024","125.44","127.27","127.98","125.02","8.27M","-1.55%"
"10-09-2024","127.41","127.80","129.20","126.60","12.15M","0.29%"
"09-09-2024","127.04","127.00","129.00","124.20","19.80M","0.08%"
"06-09-2024","126.94","128.80","129.61","126.00","12.75M","-1.42%"
"05-09-2024","128.77","130.44","131.18","128.20","11.11M","-1.08%"
"04-09-2024","130.17","129.86","131.80","129.80","12.42M","-1.25%"
"03-09-2024","131.82","134.04","134.40","131.41","19.65M","-1.66%"
"02-09-2024","134.04","127.00","136.89","125.61","98.61M","6.04%"
"30-08-2024","126.41","129.70","129.94","125.88","23.89M","-1.90%"
"29-08-2024","128.86","128.00","130.00","125.70","23.31M","0.43%"
"28-08-2024","128.31","131.40","131.77","127.63","17.87M","-1.92%"
"27-08-2024","130.82","133.00","134.39","130.34","17.23M","-1.09%"
"26-08-2024","132.26","134.90","135.80","132.00","17.08M","-2.15%"
"23-08-2024","135.16","137.40","137.80","134.80","17.49M","0.31%"
"22-08-2024","134.74","139.10","139.50","134.20","20.93M","-3.09%"
"21-08-2024","139.03","139.09","140.28","138.40","57.43M","-0.04%"
"20-08-2024","139.09","139.40","140.37","138.45","59.95M","-0.22%"
"19-08-2024","139.40","139.60","141.35","138.60","81.85M","-0.06%"
"16-08-2024","139.48","136.60","140.00","134.20","81.41M","3.46%"
"14-08-2024","134.81","137.88","137.94","134.20","72.61M","-2.24%"
"13-08-2024","137.90","138.50","140.50","137.20","73.86M","-0.29%"
"12-08-2024","138.30","135.00","138.99","124.00","140.20M","-0.56%"
"09-08-2024","139.08","139.41","140.78","138.31","69.61M","0.56%"
"08-08-2024","138.31","138.94","140.00","137.07","78.46M","-0.05%"
"07-08-2024","138.38","140.00","140.94","137.63","75.86M","0.36%"
"06-08-2024","137.88","139.39","141.33","136.60","73.47M","-0.21%"
"05-08-2024","138.17","140.00","143.84","136.20","76.65M","-4.89%"
"02-08-2024","145.27","145.58","148.15","144.19","28.35M","-1.58%"
"01-08-2024","147.60","144.00","150.58","143.00","68.25M","0.48%"
"31-07-2024","146.89","147.10","149.86","142.53","60.38M","0.71%"
"30-07-2024","145.85","144.00","147.00","143.28","26.42M","1.79%"
"29-07-2024","143.28","143.80","144.99","143.01","15.07M","0.53%"
"26-07-2024","142.53","140.00","145.56","139.72","27.42M","2.51%"
"25-07-2024","139.04","138.80","141.89","137.23","13.85M","0.07%"
"24-07-2024","138.94","139.54","141.94","138.51","11.05M","-0.39%"
"23-07-2024","139.48","141.00","145.80","129.30","50.35M","0.18%"
"22-07-2024","139.23","138.60","141.99","136.45","12.22M","0.24%"
"19-07-2024","138.90","140.00","140.32","138.00","12.14M","-0.71%"
"18-07-2024","139.90","142.49","142.49","139.28","15.78M","-1.82%"
"16-07-2024","142.49","142.51","146.34","141.71","13.53M","0.55%"
"15-07-2024","141.71","142.00","142.99","141.10","10.19M","-0.20%"
"12-07-2024","141.99","144.31","145.17","141.60","10.84M","-1.49%"
"11-07-2024","144.14","146.40","146.40","143.20","14.58M","-0.94%"
"10-07-2024","145.51","146.81","147.49","142.83","35.97M","0.36%"
"09-07-2024","144.99","139.61","149.00","139.31","55.61M","3.85%"
"08-07-2024","139.61","141.98","142.51","138.60","16.58M","-1.53%"
"05-07-2024","141.78","142.40","142.92","141.30","10.65M","-0.47%"
"04-07-2024","142.45","143.40","143.78","142.00","10.29M","-0.42%"
"03-07-2024","143.05","143.20","144.39","142.20","9.62M","0.65%"
"02-07-2024","142.12","143.40","146.60","141.64","22.98M","-0.95%"
"01-07-2024","143.49","143.40","144.58","142.53","17.17M","-0.16%"
"28-06-2024","143.72","143.94","145.64","142.95","51.47M","0.41%"
"27-06-2024","143.14","144.59","145.59","142.00","38.89M","-0.58%"
"26-06-2024","143.98","144.81","146.18","143.60","31.17M","-0.74%"
"25-06-2024","145.06","148.18","148.48","144.76","34.12M","-1.78%"
"24-06-2024","147.69","145.59","148.96","144.00","38.71M","0.65%"
"21-06-2024","146.73","148.63","148.82","146.01","36.63M","-1.30%"
"20-06-2024","148.67","148.61","149.46","146.84","35.84M","0.64%"
"19-06-2024","147.73","149.82","149.99","144.00","27.39M","-1.27%"
"18-06-2024","149.63","151.56","151.70","148.02","36.99M","0.19%"
"14-06-2024","149.35","151.34","151.60","149.04","53.19M","-0.94%"
"13-06-2024","150.76","153.00","153.94","150.00","43.56M","-1.10%"
"12-06-2024","152.44","152.81","153.76","150.92","37.60M","-0.09%"
"11-06-2024","152.57","155.00","155.94","152.00","18.76M","-0.89%"
"10-06-2024","153.94","156.60","162.20","153.60","30.87M","0.35%"
"07-06-2024","153.41","149.20","154.38","147.00","40.60M","2.36%"
"06-06-2024","149.87","149.98","158.00","149.03","87.04M","3.12%"
"05-06-2024","145.33","148.40","155.95","128.00","172.69M","0.51%"
"04-06-2024","144.59","174.60","174.60","139.92","356.26M","-17.33%"
"03-06-2024","174.90","174.00","179.17","165.33","199.87M","15.71%"
"31-05-2024","151.16","141.16","159.40","140.81","164.93M","8.22%"
"30-05-2024","139.68","135.58","141.89","135.11","40.78M","2.82%"
"29-05-2024","135.85","135.20","136.80","133.21","23.71M","0.05%"
"28-05-2024","135.78","140.97","142.36","135.00","26.07M","-3.68%"
"27-05-2024","140.97","141.99","143.40","140.41","17.58M","-0.30%"
"24-05-2024","141.40","142.70","144.04","140.60","24.72M","-0.61%"
"23-05-2024","142.27","140.00","144.10","137.23","48.79M","2.88%"
"22-05-2024","138.29","137.58","143.12","137.21","50.50M","1.68%"
"21-05-2024","136.01","127.07","138.47","125.40","61.25M","7.15%"
"18-05-2024","126.94","127.20","128.40","126.71","1.95M","-0.20%"
"17-05-2024","127.19","128.00","128.07","125.81","13.82M","-0.69%"
"16-05-2024","128.07","129.20","130.40","126.32","19.85M","0.09%"
"15-05-2024","127.95","126.00","129.56","125.20","38.07M","1.86%"
"14-05-2024","125.61","118.69","127.20","118.09","49.68M","5.57%"
"13-05-2024","118.98","120.62","121.00","116.14","20.57M","-1.36%"
"10-05-2024","120.62","123.00","126.20","120.00","38.05M","-1.58%"
"09-05-2024","122.56","117.88","124.40","117.30","101.30M","5.54%"
"08-05-2024","116.13","116.00","117.50","114.48","10.99M","0.02%"
"07-05-2024","116.11","118.01","119.26","115.40","12.72M","-1.44%"
"06-05-2024","117.81","120.60","120.60","115.60","17.13M","-2.59%"
"03-05-2024","120.94","122.00","123.01","119.23","15.63M","-0.56%"
"02-05-2024","121.62","123.60","124.92","120.94","29.44M","-0.71%"
"30-04-2024","122.49","120.00","124.56","118.85","29.32M","2.74%"
"29-04-2024","119.22","119.88","120.00","118.31","9.25M","0.76%"
"26-04-2024","118.32","119.55","120.33","117.41","9.52M","-0.13%"
"25-04-2024","118.47","118.92","119.20","117.85","7.56M","-0.70%"
"24-04-2024","119.30","120.20","120.98","117.92","6.42M","-0.99%"
"23-04-2024","120.49","120.00","121.60","119.80","8.54M","0.93%"
"22-04-2024","119.38","121.65","121.94","119.10","6.32M","0.40%"
"19-04-2024","118.91","114.20","120.40","114.20","11.82M","-0.59%"
"18-04-2024","119.62","122.39","123.20","119.00","13.42M","-0.58%"
"16-04-2024","120.32","117.38","121.40","117.37","10.54M","1.77%"
"15-04-2024","118.23","117.80","122.36","113.65","22.50M","-0.68%"
"12-04-2024","119.04","123.00","123.00","118.16","15.00M","-3.67%"
"10-04-2024","123.57","124.28","124.38","122.00","7.59M","0.24%"
"09-04-2024","123.27","123.40","126.40","122.28","10.69M","0.87%"
"08-04-2024","122.21","126.40","126.52","121.20","11.28M","-2.50%"
"05-04-2024","125.34","126.00","127.30","123.63","19.57M","-2.38%"
"04-04-2024","128.40","126.03","129.38","125.53","38.59M","3.91%"
"03-04-2024","123.57","118.00","123.57","117.69","45.13M","5.00%"
"02-04-2024","117.69","115.00","117.69","114.80","35.05M","5.00%"
"01-04-2024","112.09","109.54","112.09","108.92","12.53M","4.99%"
"28-03-2024","106.76","104.00","107.77","103.71","16.75M","3.34%"
"27-03-2024","103.31","105.80","109.62","101.26","46.73M","-1.04%"
"26-03-2024","104.40","104.06","107.14","103.80","7.98M","-1.70%"
"22-03-2024","106.21","105.76","107.76","104.85","6.66M","1.30%"
"21-03-2024","104.85","103.56","105.64","103.40","4.15M","1.83%"
"20-03-2024","102.97","104.76","104.76","100.31","10.11M","-0.65%"
"19-03-2024","103.64","105.79","106.78","103.08","5.16M","-2.12%"
"18-03-2024","105.88","102.20","106.40","102.00","17.43M","-0.19%"
"15-03-2024","106.08","107.22","108.00","104.00","11.48M","-1.39%"
"14-03-2024","107.57","100.38","108.99","100.38","12.48M","1.81%"
"13-03-2024","105.66","111.53","111.82","105.66","8.96M","-5.00%"
"12-03-2024","111.22","112.80","113.20","108.40","6.07M","-1.91%"
"11-03-2024","113.39","114.00","114.50","112.00","5.79M","0.02%"
"07-03-2024","113.37","115.32","115.53","113.00","6.62M","-1.71%"
"06-03-2024","115.34","115.00","116.00","112.00","8.54M","0.50%"
"05-03-2024","114.77","111.76","116.00","111.06","10.62M","2.49%"
"04-03-2024","111.98","111.16","112.64","110.60","6.49M","0.74%"
"02-03-2024","111.16","111.50","111.56","110.60","706.46K","0.30%"
"01-03-2024","110.83","110.48","111.80","110.04","4.94M","0.76%"
"29-02-2024","109.99","110.67","112.80","107.80","8.24M","0.06%"
"28-02-2024","109.92","112.83","113.30","109.54","4.88M","-3.02%"
"27-02-2024","113.34","114.96","114.96","112.21","4.60M","-0.66%"
"26-02-2024","114.09","111.89","115.00","111.20","10.01M","2.04%"
"23-02-2024","111.81","112.40","113.20","111.02","4.01M","-0.57%"
"22-02-2024","112.45","109.30","113.40","103.46","5.97M","3.98%"
"21-02-2024","108.15","111.00","112.00","107.00","6.32M","-2.33%"
"20-02-2024","110.73","114.00","114.17","110.39","5.97M","-2.47%"
"19-02-2024","113.53","114.40","115.28","112.75","4.87M","0.69%"
"16-02-2024","112.75","112.40","113.38","111.00","5.08M","0.34%"
"15-02-2024","112.37","113.60","113.80","111.76","3.29M","-0.36%"
"14-02-2024","112.78","110.40","114.00","107.40","6.34M","0.32%"
"13-02-2024","112.42","113.00","113.60","106.75","8.36M","0.04%"
"12-02-2024","112.37","115.00","116.99","111.20","7.71M","-1.34%"
"09-02-2024","113.90","113.80","115.49","110.80","6.64M","1.03%"
"08-02-2024","112.74","114.40","115.76","112.20","11.07M","-1.05%"
"07-02-2024","113.94","110.40","114.96","109.60","13.93M","3.64%"
"06-02-2024","109.94","110.98","110.98","109.00","5.73M","0.62%"
"05-02-2024","109.26","112.94","113.00","109.00","7.88M","-2.34%"
"02-02-2024","111.88","113.40","113.60","111.10","10.01M","-0.88%"
"01-02-2024","112.87","113.60","113.80","111.36","6.89M","0.29%"
"31-01-2024","112.54","111.70","114.06","111.60","9.58M","0.79%"
"30-01-2024","111.66","115.00","115.96","109.40","14.81M","-2.13%"
"29-01-2024","114.09","114.00","114.09","110.50","28.65M","5.00%"
"25-01-2024","108.66","104.48","109.00","104.20","10.88M","4.49%"
"24-01-2024","103.99","104.56","105.21","102.40","210.76M","0.46%"
"23-01-2024","103.51","108.79","111.00","103.00","7.20M","-3.54%"
"20-01-2024","107.31","107.35","108.00","106.00","4.29M","3.83%"
"19-01-2024","103.35","105.80","109.80","102.88","30.35M","-1.30%"
"18-01-2024","104.71","104.29","106.05","101.80","6.92M","0.40%"
"17-01-2024","104.29","105.89","105.98","101.22","9.03M","-2.04%"
"16-01-2024","106.46","108.00","108.00","105.80","5.28M","-1.64%"
"15-01-2024","108.23","109.36","109.40","108.00","5.39M","0.00%"
"12-01-2024","108.23","109.20","109.36","108.00","3.56M","0.19%"
"11-01-2024","108.03","109.54","109.54","107.82","3.91M","-0.40%"
"10-01-2024","108.46","108.90","109.92","107.00","5.12M","0.47%"
"09-01-2024","107.95","109.00","110.70","107.00","6.07M","-0.36%"
"08-01-2024","108.34","110.79","110.79","108.00","4.88M","-1.71%"
"05-01-2024","110.22","112.94","113.00","109.22","7.06M","-1.33%"
"04-01-2024","111.71","109.60","112.29","107.46","18.06M","2.58%"
"03-01-2024","108.90","107.60","108.90","105.00","20.22M","4.99%"
"02-01-2024","103.72","105.00","105.00","103.00","5.06M","-0.89%"
"01-01-2024","104.65","105.03","106.79","103.82","5.62M","-0.36%"
"29-12-2023","105.03","104.10","105.40","103.60","6.35M","0.33%"
"28-12-2023","104.68","105.40","105.40","102.60","6.94M","0.18%"
"27-12-2023","104.49","103.48","106.60","102.40","8.54M","2.10%"
"26-12-2023","102.34","103.10","103.96","102.02","4.16M","-0.17%"
"22-12-2023","102.51","103.60","103.60","101.00","4.71M","0.18%"
"21-12-2023","102.33","98.00","103.74","97.00","11.50M","0.56%"
"20-12-2023","101.76","107.09","108.00","101.74","14.25M","-4.98%"
"19-12-2023","107.09","109.50","109.50","105.62","8.04M","-0.72%"
"18-12-2023","107.87","108.63","109.08","106.41","10.24M","0.09%"
"15-12-2023","107.77","107.40","109.30","103.92","52.47M","1.87%"
"14-12-2023","105.79","101.78","106.19","101.14","17.94M","4.60%"
"13-12-2023","101.14","103.89","104.00","99.60","46.34M","-2.18%"
"12-12-2023","103.39","105.53","105.80","102.42","25.65M","-1.75%"
"11-12-2023","105.23","107.00","107.94","103.02","49.45M","-1.43%"
"08-12-2023","106.76","113.20","114.00","103.50","82.50M","-5.09%"
"07-12-2023","112.48","113.59","114.94","110.47","80.07M","0.35%"
"06-12-2023","112.09","109.00","117.89","107.80","232.16M","4.14%"
"05-12-2023","107.63","92.60","109.16","91.20","296.48M","15.81%"
"04-12-2023","92.94","98.80","98.80","91.70","75.42M","5.52%"
"01-12-2023","88.08","87.40","90.96","87.07","68.81M","2.06%"
"30-11-2023","86.30","86.60","87.32","83.42","57.70M","-0.37%"
"29-11-2023","86.62","91.34","94.16","85.36","221.08M","-2.94%"
"28-11-2023","89.24","81.40","92.88","81.40","337.41M","12.34%"
"24-11-2023","79.44","76.54","80.16","76.06","45.67M","4.06%"
"23-11-2023","76.34","77.66","78.10","76.01","13.80M","-1.42%"
"22-11-2023","77.44","78.50","79.10","77.03","53.13M","-1.35%"
"21-11-2023","78.50","78.09","79.33","78.04","70.94M","0.65%"
"20-11-2023","77.99","77.46","78.68","76.80","68.29M","0.68%"
"17-11-2023","77.46","77.90","78.39","77.16","63.95M","-0.58%"
"16-11-2023","77.91","78.04","79.04","77.26","66.10M","-0.37%"
"15-11-2023","78.20","79.59","79.60","77.61","61.40M","0.10%"
"13-11-2023","78.12","79.59","79.96","77.62","57.27M","-2.31%"
"12-11-2023","79.97","80.72","80.85","79.60","8.96M","0.11%"
"10-11-2023","79.88","79.99","81.36","79.06","82.87M","-0.42%"
"09-11-2023","80.22","79.02","81.93","78.11","141.95M","1.96%"
"08-11-2023","78.68","76.80","79.00","76.24","100.21M","2.50%"
"07-11-2023","76.76","78.78","80.52","76.00","92.63M","-2.59%"
"06-11-2023","78.80","77.79","79.52","76.31","87.16M","2.43%"
"03-11-2023","76.93","75.36","78.60","75.25","61.17M","3.14%"
"02-11-2023","74.59","73.60","78.68","73.11","105.50M","2.12%"
"01-11-2023","73.04","72.90","74.54","71.52","27.86M","0.59%"
"31-10-2023","72.61","72.20","73.58","71.87","35.40M","1.42%"
"30-10-2023","71.59","70.88","71.94","69.01","45.07M","1.07%"
"27-10-2023","70.83","66.40","72.97","66.31","74.39M","8.19%"
"26-10-2023","65.47","62.00","67.26","57.87","63.80M","4.69%"
"25-10-2023","62.54","65.39","65.96","62.05","27.01M","-1.19%"
"23-10-2023","63.29","68.12","68.42","62.83","30.38M","-6.46%"
"20-10-2023","67.66","68.60","69.26","67.00","17.32M","-1.79%"
"19-10-2023","68.89","66.78","69.34","66.20","25.16M","3.14%"
"18-10-2023","66.79","67.40","67.94","66.40","11.35M","-0.46%"
"17-10-2023","67.10","66.39","68.88","66.38","23.23M","1.77%"
"16-10-2023","65.93","68.22","68.73","65.40","27.85M","-3.58%"
"13-10-2023","68.38","69.00","69.00","68.25","11.43M","-1.54%"
"12-10-2023","69.45","70.40","70.77","69.22","10.31M","-0.73%"
"11-10-2023","69.96","70.60","71.74","69.63","17.44M","0.04%"
"10-10-2023","69.93","68.68","70.56","68.66","18.60M","2.24%"
"09-10-2023","68.40","70.46","71.00","67.80","36.77M","-6.12%"
"06-10-2023","72.86","73.28","74.20","72.60","11.75M","-0.42%"
"05-10-2023","73.17","74.68","75.20","72.82","11.91M","-1.67%"
"04-10-2023","74.41","73.46","75.50","72.64","38.80M","1.46%"
"03-10-2023","73.34","75.38","75.38","72.64","16.56M","-2.85%"
"29-09-2023","75.49","75.08","75.80","74.62","89.95M","0.55%"
"28-09-2023","75.08","75.36","75.97","74.49","97.05M","0.01%"
"27-09-2023","75.07","75.80","75.80","74.65","82.37M","-0.57%"
"26-09-2023","75.50","76.01","76.56","75.02","85.01M","-0.96%"
"25-09-2023","76.23","76.78","77.11","75.64","85.63M","-0.72%"
"22-09-2023","76.78","77.06","77.85","76.00","60.00M","0.38%"
"21-09-2023","76.49","73.40","77.00","72.88","123.61M","3.81%"
"20-09-2023","73.68","74.23","74.76","73.21","88.28M","-1.76%"
"18-09-2023","75.00","76.20","76.57","74.49","101.76M","-1.16%"
"15-09-2023","75.88","75.70","76.80","75.44","91.07M","0.60%"
"14-09-2023","75.43","76.00","76.76","75.02","34.49M","0.01%"
"13-09-2023","75.42","77.15","78.40","73.36","72.68M","-2.38%"
"12-09-2023","77.26","81.20","81.94","74.68","169.47M","-3.04%"
"11-09-2023","79.68","74.60","80.64","74.59","224.20M","7.92%"
"08-09-2023","73.83","72.00","74.48","71.40","130.37M","2.88%"
"07-09-2023","71.76","69.87","72.44","69.02","124.68M","3.24%"
"06-09-2023","69.51","68.72","70.10","67.83","47.41M","1.49%"
"05-09-2023","68.49","69.43","70.40","67.20","82.22M","0.20%"
"04-09-2023","68.35","66.40","69.04","66.40","79.68M","3.48%"
"01-09-2023","66.05","63.00","67.19","62.45","124.32M","2.79%"
"31-08-2023","64.26","62.80","64.86","61.80","109.35M","-2.16%"
"30-08-2023","65.68","66.87","67.26","65.27","45.64M","-1.29%"
"29-08-2023","66.54","64.57","67.77","63.18","126.09M","3.39%"
"28-08-2023","64.36","66.40","67.20","63.44","72.90M","-1.00%"
"25-08-2023","65.01","65.98","66.94","63.80","80.14M","-1.14%"
"24-08-2023","65.76","66.00","67.97","64.57","116.34M","1.84%"
"23-08-2023","64.57","70.60","71.85","62.46","246.79M","-7.07%"
"22-08-2023","69.48","66.70","69.98","66.20","182.87M","6.94%"
"21-08-2023","64.97","61.34","65.60","61.11","179.42M","6.65%"
"18-08-2023","60.92","57.39","64.33","57.25","290.60M","6.30%"
"17-08-2023","57.31","56.92","57.70","56.40","90.80M","2.38%"
"16-08-2023","55.98","57.20","58.34","54.88","168.69M","-2.17%"
"14-08-2023","57.22","56.66","57.79","55.21","53.30M","-0.69%"
"11-08-2023","57.62","56.75","57.88","56.15","50.04M","2.20%"
"10-08-2023","56.38","55.62","58.20","55.29","69.08M","1.71%"
"09-08-2023","55.43","56.14","56.80","55.22","37.17M","-1.11%"
"08-08-2023","56.05","54.60","56.40","52.95","58.15M","2.54%"
"07-08-2023","54.66","55.98","56.17","54.42","26.66M","-1.87%"
"04-08-2023","55.70","56.80","56.90","55.04","51.47M","1.33%"
"03-08-2023","54.97","53.71","56.09","52.82","86.62M","2.67%"
"02-08-2023","53.54","54.68","55.29","52.12","34.50M","-2.01%"
"01-08-2023","54.64","55.17","55.98","54.07","39.62M","-0.04%"
"31-07-2023","54.66","52.00","55.10","51.90","79.63M","5.70%"
"28-07-2023","51.71","50.80","52.10","50.25","30.90M","2.19%"
"27-07-2023","50.60","51.28","51.54","50.02","16.26M","-0.98%"
"26-07-2023","51.10","52.40","53.09","50.58","71.82M","-1.79%"
"25-07-2023","52.03","47.60","52.58","47.60","82.28M","9.31%"
"24-07-2023","47.60","48.57","48.57","47.43","12.23M","-1.55%"
"21-07-2023","48.35","48.63","48.98","48.19","10.01M","-0.98%"
"20-07-2023","48.83","49.14","49.39","48.70","6.82M","-0.63%"
"19-07-2023","49.14","49.60","49.75","49.00","7.77M","-0.34%"
"18-07-2023","49.31","49.39","50.89","48.56","27.95M","0.35%"
"17-07-2023","49.14","49.07","49.91","48.67","19.36M","1.57%"
"14-07-2023","48.38","47.53","48.54","47.20","12.53M","1.98%"
"13-07-2023","47.44","48.45","48.59","47.17","10.69M","-1.52%"
"12-07-2023","48.17","49.09","49.10","47.80","10.29M","-1.37%"
"11-07-2023","48.84","48.41","49.15","48.27","10.40M","0.89%"
"10-07-2023","48.41","48.94","49.87","47.46","22.05M","-0.70%"
"07-07-2023","48.75","49.01","49.54","48.56","9.52M","-1.10%"
"06-07-2023","49.29","49.13","49.68","49.09","10.94M","0.33%"
"05-07-2023","49.13","49.42","49.88","49.01","11.06M","-0.59%"
"04-07-2023","49.42","49.80","50.34","49.24","11.80M","-0.54%"
"03-07-2023","49.69","50.45","50.45","49.60","12.51M","-0.56%"
"30-06-2023","49.97","51.20","51.32","49.80","13.61M","-1.88%"
"28-06-2023","50.93","50.80","51.77","50.60","22.62M","0.61%"
"27-06-2023","50.62","51.00","51.59","50.41","13.87M","1.00%"
"26-06-2023","50.12","46.81","50.88","46.20","40.54M","3.38%"
"23-06-2023","48.48","51.32","51.36","48.20","36.46M","-5.53%"
"22-06-2023","51.32","52.10","52.66","51.17","13.53M","-1.55%"
"21-06-2023","52.13","52.33","53.14","51.91","13.33M","-0.40%"
"20-06-2023","52.34","52.72","53.08","52.01","9.79M","-0.74%"
"19-06-2023","52.73","53.38","53.74","52.20","13.91M","-0.92%"
"16-06-2023","53.22","54.20","54.60","52.96","18.89M","-1.17%"
"15-06-2023","53.85","53.32","54.83","53.05","24.09M","1.51%"
"14-06-2023","53.05","53.64","54.28","52.66","17.65M","-0.95%"
"13-06-2023","53.56","54.52","54.90","53.38","14.99M","-1.38%"
"12-06-2023","54.31","55.40","55.56","53.72","20.28M","-1.68%"
"09-06-2023","55.24","56.50","56.59","55.02","21.04M","-1.06%"
"08-06-2023","55.83","55.96","57.20","54.79","55.09M","1.56%"
"07-06-2023","54.97","53.57","56.33","53.40","88.16M","4.51%"
"06-06-2023","52.60","52.60","53.00","51.70","22.90M","1.37%"
"05-06-2023","51.89","51.34","53.00","50.92","29.93M","1.49%"
"02-06-2023","51.13","51.11","52.26","50.65","20.70M","0.59%"
"01-06-2023","50.83","50.51","51.57","50.20","21.21M","1.80%"
"31-05-2023","49.93","50.20","51.34","48.65","42.98M","-0.58%"
"30-05-2023","50.22","51.40","51.56","50.04","13.84M","-2.07%"
"29-05-2023","51.28","51.98","52.34","51.10","12.91M","-0.64%"
"26-05-2023","51.61","52.31","52.76","51.40","17.18M","-0.42%"
"25-05-2023","51.83","51.33","52.90","50.66","37.33M","1.21%"
"24-05-2023","51.21","53.28","54.58","50.67","127.01M","-1.61%"
"23-05-2023","52.05","52.05","52.05","52.05","4.46M","4.98%"
"22-05-2023","49.58","48.80","49.58","48.60","11.32M","5.00%"
"19-05-2023","47.22","44.77","47.26","42.80","76.94M","4.91%"
"18-05-2023","45.01","47.11","47.29","44.80","22.65M","-3.97%"
"17-05-2023","46.87","47.20","47.51","46.40","13.65M","-0.78%"
"16-05-2023","47.24","47.00","47.98","47.00","14.79M","0.15%"
"15-05-2023","47.17","48.00","48.31","46.30","18.67M","-2.08%"
"12-05-2023","48.17","48.60","48.87","47.70","15.53M","-0.74%"
"11-05-2023","48.53","47.80","48.96","47.70","27.75M","1.87%"
"10-05-2023","47.64","48.00","48.06","46.62","19.16M","-0.87%"
"09-05-2023","48.06","48.00","48.76","47.61","22.55M","0.67%"
"08-05-2023","47.74","48.80","49.56","47.07","34.03M","-0.48%"
"05-05-2023","47.97","48.18","48.68","47.30","29.40M","0.71%"
"04-05-2023","47.63","46.20","47.96","46.13","37.81M","2.81%"
"03-05-2023","46.33","47.09","48.98","44.83","96.88M","-1.82%"
"02-05-2023","47.19","46.00","47.21","45.53","76.58M","4.94%"
"28-04-2023","44.97","43.13","44.97","43.00","37.29M","5.00%"
"27-04-2023","42.83","42.26","43.20","42.10","34.41M","1.32%"
"26-04-2023","42.27","41.25","42.80","40.66","43.61M","2.77%"
"25-04-2023","41.13","40.20","42.08","40.00","59.38M","2.11%"
"24-04-2023","40.28","39.80","40.68","38.88","31.37M","1.08%"
"21-04-2023","39.85","40.00","40.10","38.72","56.20M","1.76%"
"20-04-2023","39.16","37.70","39.33","37.40","55.28M","4.54%"
"19-04-2023","37.46","37.76","37.89","37.04","15.60M","-0.56%"
"18-04-2023","37.67","38.07","38.30","37.44","11.74M","-0.58%"
"17-04-2023","37.89","37.86","38.40","37.55","15.46M","0.16%"
"13-04-2023","37.83","38.49","38.76","37.62","16.76M","-1.71%"
"12-04-2023","38.49","38.98","39.38","38.32","30.91M","-0.80%"
"11-04-2023","38.80","38.86","39.66","38.62","28.66M","0.00%"
"10-04-2023","38.80","38.68","39.54","38.60","30.26M","0.94%"
"06-04-2023","38.44","38.26","39.39","37.42","58.70M","1.10%"
"05-04-2023","38.02","37.80","38.80","37.28","31.25M","-0.24%"
"03-04-2023","38.11","39.00","39.19","37.20","44.13M","-0.55%"
"31-03-2023","38.32","38.09","38.32","37.73","38.68M","4.99%"
"29-03-2023","36.50","33.40","36.50","33.28","82.32M","4.98%"
"28-03-2023","34.77","35.79","36.60","34.77","26.93M","-5.00%"
"27-03-2023","36.60","39.12","39.12","36.60","40.29M","-4.98%"
"24-03-2023","38.52","40.51","40.80","38.43","68.87M","-4.37%"
"23-03-2023","40.28","40.34","42.28","40.06","73.44M","-1.30%"
"22-03-2023","40.81","40.63","41.54","40.23","50.32M","2.18%"
"21-03-2023","39.94","38.38","39.94","37.31","60.71M","4.99%"
"20-03-2023","38.04","38.60","39.36","37.99","60.60M","-4.88%"
"17-03-2023","39.99","40.77","41.06","39.65","56.96M","0.63%"
"16-03-2023","39.74","40.10","41.19","39.04","85.02M","-1.54%"
"15-03-2023","40.36","38.83","42.91","38.83","226.82M","-1.25%"
"14-03-2023","40.87","43.47","43.47","40.87","72.28M","-5.00%"
"13-03-2023","43.02","42.34","43.02","42.21","111.43M","4.98%"
"10-03-2023","40.98","38.60","41.13","37.45","171.58M","4.59%"
"09-03-2023","39.18","39.18","39.18","37.63","215.69M","4.98%"
"08-03-2023","37.32","36.62","37.32","35.02","98.93M","4.98%"
"06-03-2023","35.55","35.55","35.55","35.55","14.39M","4.99%"
"03-03-2023","33.86","33.86","33.86","33.86","3.24M","4.99%"
"02-03-2023","32.25","32.25","32.25","32.25","5.15M","4.98%"
"01-03-2023","30.72","30.60","30.72","30.43","6.86M","4.99%"
"28-02-2023","29.26","27.02","29.26","26.48","135.86M","4.99%"
"27-02-2023","27.87","28.41","29.12","27.87","45.29M","-4.98%"
"24-02-2023","29.33","30.02","31.34","29.33","60.08M","-4.99%"
"23-02-2023","30.87","31.21","31.73","30.87","113.69M","-4.99%"
"22-02-2023","32.49","35.40","35.78","32.49","129.57M","-5.00%"
"21-02-2023","34.20","33.38","34.20","33.24","33.23M","4.97%"
"20-02-2023","32.58","31.65","32.58","30.16","147.53M","5.00%"
"17-02-2023","31.03","30.49","31.03","30.41","15.99M","4.97%"
"16-02-2023","29.56","28.40","29.56","28.40","100.42M","4.97%"
"15-02-2023","28.16","28.16","28.16","28.16","7.88M","-4.99%"
"14-02-2023","29.64","29.64","29.64","29.64","4.70M","-5.00%"
"13-02-2023","31.20","31.20","32.60","31.20","27.87M","-4.99%"
"10-02-2023","32.84","32.84","32.84","32.84","10.41M","-4.98%"
"09-02-2023","34.56","34.56","34.56","34.56","22.36M","-5.00%"
"08-02-2023","36.38","34.65","36.38","34.20","139.53M","4.99%"
"07-02-2023","34.65","34.65","37.20","34.65","611.54M","-4.99%"
"06-02-2023","36.47","36.47","36.47","36.47","4.97M","-5.00%"
"03-02-2023","38.39","38.39","38.39","38.39","4.95M","-5.00%"
"02-02-2023","40.41","40.41","40.41","40.41","3.84M","-4.98%"
"01-02-2023","42.53","43.80","44.60","42.53","72.38M","-4.98%"
"31-01-2023","44.76","44.76","44.76","44.76","7.45M","-4.99%"
"30-01-2023","47.11","47.11","47.11","47.11","7.38M","-5.00%"
"27-01-2023","49.59","50.00","50.01","49.59","11.61M","-5.00%"
"25-01-2023","52.20","54.60","54.60","52.19","18.13M","-4.97%"
"24-01-2023","54.93","54.94","55.86","54.46","7.33M","0.53%"
"23-01-2023","54.64","55.09","55.34","54.23","6.02M","-0.67%"
"20-01-2023","55.01","55.37","55.40","54.68","5.24M","-0.90%"
"19-01-2023","55.51","55.30","56.09","54.64","6.88M","-0.41%"
"18-01-2023","55.74","56.50","56.60","55.40","6.01M","-1.15%"
"17-01-2023","56.39","54.69","56.65","54.35","11.71M","3.30%"
"16-01-2023","54.59","56.20","56.44","54.30","9.78M","-2.06%"
"13-01-2023","55.74","54.98","56.00","54.40","7.56M","1.85%"
"12-01-2023","54.73","55.53","56.14","54.01","10.08M","-0.92%"
"11-01-2023","55.24","56.36","56.68","54.91","9.88M","-1.07%"
"10-01-2023","55.84","57.59","57.59","54.93","12.89M","-2.95%"
"09-01-2023","57.54","57.39","58.80","57.04","8.85M","1.52%"
"06-01-2023","56.68","58.14","58.20","56.22","11.00M","-1.85%"
"05-01-2023","57.75","57.59","58.64","55.40","9.34M","0.75%"
"04-01-2023","57.32","58.95","59.20","56.91","8.22M","-2.77%"
"03-01-2023","58.95","59.63","60.20","58.70","7.06M","-1.14%"
"02-01-2023","59.63","60.60","60.98","58.66","8.69M","-0.47%"
"30-12-2022","59.91","61.18","61.60","59.60","6.96M","-1.63%"
"29-12-2022","60.90","61.00","61.68","58.26","11.80M","0.33%"
"28-12-2022","60.70","58.55","60.70","57.92","9.03M","5.00%"
"27-12-2022","57.81","54.90","57.81","54.22","12.10M","4.99%"
"26-12-2022","55.06","49.82","55.06","49.82","13.10M","5.00%"
"23-12-2022","52.44","53.43","53.54","52.44","16.25M","-5.00%"
"22-12-2022","55.20","58.00","58.10","55.20","25.76M","-4.99%"
"21-12-2022","58.10","61.60","61.78","58.10","20.72M","-4.99%"
"20-12-2022","61.15","61.20","61.79","60.24","10.44M","-0.02%"
"19-12-2022","61.16","61.80","61.98","60.20","15.29M","-0.68%"
"16-12-2022","61.58","63.00","63.54","61.20","20.89M","-2.39%"
"15-12-2022","63.09","64.13","64.51","62.90","8.60M","-1.22%"
"14-12-2022","63.87","64.56","65.38","63.47","16.70M","-1.13%"
"13-12-2022","64.60","62.10","65.14","62.10","30.72M","4.13%"
"12-12-2022","62.04","63.00","63.40","61.41","13.29M","-1.85%"
"09-12-2022","63.21","65.08","65.19","62.20","14.79M","-2.38%"
"08-12-2022","64.75","65.22","65.80","64.61","7.77M","-0.22%"
"07-12-2022","64.89","65.18","65.68","64.65","7.15M","-0.11%"
"06-12-2022","64.96","64.59","66.34","64.38","13.40M","0.54%"
"05-12-2022","64.61","65.39","65.39","64.41","9.01M","-0.69%"
"02-12-2022","65.06","65.80","66.07","64.80","11.66M","-1.54%"
"01-12-2022","66.08","67.30","67.98","65.70","17.01M","-0.71%"
"30-11-2022","66.55","65.00","67.18","64.50","17.64M","2.48%"
"29-11-2022","64.94","66.00","66.58","64.70","8.92M","-1.08%"
"28-11-2022","65.65","65.42","67.40","65.38","12.72M","1.33%"
"25-11-2022","64.79","65.20","65.40","63.70","5.42M","-0.31%"
"24-11-2022","64.99","65.59","65.98","64.60","4.48M","-0.31%"
"23-11-2022","65.19","65.80","66.39","64.60","5.53M","-0.78%"
"22-11-2022","65.70","66.40","67.00","65.00","6.59M","-0.82%"
"21-11-2022","66.24","67.60","67.60","66.00","4.27M","-1.58%"
"18-11-2022","67.30","67.99","69.96","65.80","6.73M","0.15%"
"17-11-2022","67.20","68.60","68.79","66.90","8.39M","-2.65%"
"16-11-2022","69.03","71.30","71.37","68.48","8.95M","-3.33%"
"15-11-2022","71.41","71.18","71.70","70.60","6.33M","-0.76%"
"14-11-2022","71.96","69.63","73.01","68.44","16.19M","-0.11%"
"11-11-2022","72.04","75.20","75.60","70.60","17.03M","-3.02%"
"10-11-2022","74.28","73.16","75.40","71.60","14.69M","1.53%"
"09-11-2022","73.16","69.72","73.20","69.00","19.46M","4.93%"
"07-11-2022","69.72","69.60","70.00","68.55","6.90M","0.50%"
"04-11-2022","69.37","67.60","70.00","66.55","9.00M","3.00%"
"03-11-2022","67.35","68.20","68.68","67.21","5.68M","-1.87%"
"02-11-2022","68.63","70.00","70.76","67.52","8.39M","-1.65%"
"01-11-2022","69.78","67.42","70.32","66.09","11.86M","4.18%"
"31-10-2022","66.98","66.88","67.46","66.02","7.03M","0.48%"
"28-10-2022","66.66","67.67","67.99","66.40","3.87M","-1.22%"
"27-10-2022","67.48","66.99","67.90","66.36","5.67M","1.52%"
"25-10-2022","66.47","67.20","67.73","66.00","4.87M","-0.95%"
"24-10-2022","67.11","67.40","68.40","66.60","2.01M","1.01%"
"21-10-2022","66.44","68.40","68.40","66.00","6.76M","-1.85%"
"20-10-2022","67.69","66.20","68.00","65.60","6.30M","1.45%"
"19-10-2022","66.72","69.12","69.59","66.06","8.28M","-3.47%"
"18-10-2022","69.12","68.20","69.81","67.86","7.73M","1.45%"
"17-10-2022","68.13","66.00","68.44","63.05","13.51M","2.84%"
"14-10-2022","66.25","71.00","71.77","65.91","12.69M","-4.50%"
"13-10-2022","69.37","71.39","71.39","68.34","8.17M","-2.79%"
"12-10-2022","71.36","71.37","72.00","68.00","9.78M","-0.01%"
"11-10-2022","71.37","73.99","73.99","70.90","6.46M","-2.33%"
"10-10-2022","73.07","73.20","74.08","72.32","6.20M","-2.01%"
"07-10-2022","74.57","74.98","75.56","73.06","9.40M","0.74%"
"06-10-2022","74.02","70.95","74.02","70.71","9.97M","4.99%"
"04-10-2022","70.50","72.00","73.60","67.43","13.90M","-0.66%"
"03-10-2022","70.97","75.00","75.14","70.97","9.66M","-4.99%"
"30-09-2022","74.70","73.20","75.20","73.20","8.45M","1.10%"
"29-09-2022","73.89","74.94","75.98","73.50","6.93M","0.46%"
"28-09-2022","73.55","74.00","76.41","73.20","8.38M","-1.29%"
"27-09-2022","74.51","72.79","76.60","72.40","11.70M","1.65%"
"26-09-2022","73.30","76.00","76.00","73.27","14.94M","-4.95%"
"23-09-2022","77.12","79.25","79.40","76.77","12.10M","-2.69%"
"22-09-2022","79.25","77.60","80.00","76.68","9.86M","1.47%"
"21-09-2022","78.10","79.78","81.00","76.80","16.94M","-1.95%"
"20-09-2022","79.65","78.60","81.83","77.65","19.98M","1.63%"
"19-09-2022","78.37","78.00","78.95","76.80","14.12M","1.06%"
"16-09-2022","77.55","79.80","79.98","76.60","13.55M","-2.87%"
"15-09-2022","79.84","77.90","79.99","76.60","14.94M","3.81%"
"14-09-2022","76.91","77.15","79.40","76.66","17.35M","-2.30%"
"13-09-2022","78.72","80.10","80.10","78.50","11.29M","-1.01%"
"12-09-2022","79.52","80.40","80.58","79.10","10.11M","0.15%"
"09-09-2022","79.40","81.15","81.37","79.00","12.10M","-1.22%"
"08-09-2022","80.38","82.60","82.70","79.80","11.36M","-1.08%"
"07-09-2022","81.26","80.94","83.15","80.25","14.51M","-0.36%"
"06-09-2022","81.55","78.40","81.86","77.20","19.54M","4.59%"
"05-09-2022","77.97","80.73","81.40","77.11","16.72M","-2.84%"
"02-09-2022","80.25","82.67","83.00","80.00","14.26M","-1.77%"
"01-09-2022","81.70","83.40","83.77","80.01","26.51M","-1.32%"
"30-08-2022","82.79","80.00","82.79","79.09","33.78M","5.00%"
"29-08-2022","78.85","72.01","78.85","71.35","30.73M","4.99%"
"26-08-2022","75.10","78.70","78.70","74.77","35.19M","-4.57%"
"25-08-2022","78.70","74.18","81.80","74.18","35.14M","0.79%"
"24-08-2022","78.08","78.08","78.08","78.08","10.22M","-4.99%"
"23-08-2022","82.18","84.20","84.98","82.18","66.94M","-4.99%"
"22-08-2022","86.50","84.03","86.50","83.88","122.98M","4.99%"
"19-08-2022","82.39","81.54","83.77","78.23","173.44M","3.13%"
"18-08-2022","79.89","77.90","79.89","77.71","128.57M","4.99%"
"17-08-2022","76.09","73.40","76.09","73.25","102.31M","5.00%"
"16-08-2022","72.47","69.80","72.48","69.80","113.90M","4.98%"
"12-08-2022","69.03","68.60","69.77","68.50","34.87M","0.80%"
"11-08-2022","68.48","68.56","69.78","68.23","41.13M","0.78%"
"10-08-2022","67.95","66.14","68.38","65.82","58.81M","3.39%"
"08-08-2022","65.72","65.68","66.93","64.41","47.70M","-1.04%"
"05-08-2022","66.41","69.14","69.28","65.98","58.16M","-4.38%"
"04-08-2022","69.45","68.99","70.80","67.20","120.40M","2.25%"
"03-08-2022","67.92","65.98","68.99","64.26","110.07M","3.36%"
"02-08-2022","65.71","64.20","66.50","63.82","60.14M","2.08%"
"01-08-2022","64.37","62.93","65.00","61.11","70.18M","2.52%"
"29-07-2022","62.79","64.65","65.12","61.46","59.99M","-2.48%"
"28-07-2022","64.39","64.20","65.38","62.60","85.62M","3.04%"
"27-07-2022","62.49","59.80","62.51","59.63","57.22M","4.95%"
"26-07-2022","59.54","58.37","60.68","58.03","65.10M","2.06%"
"25-07-2022","58.34","58.26","59.05","57.82","23.10M","0.14%"
"22-07-2022","58.26","58.99","59.40","58.12","17.03M","-0.92%"
"21-07-2022","58.80","58.19","59.00","57.69","26.31M","1.41%"
"20-07-2022","57.98","59.20","59.36","57.71","20.42M","-1.18%"
"19-07-2022","58.67","57.39","58.97","57.05","33.51M","1.21%"
"18-07-2022","57.97","57.88","58.89","57.36","26.25M","1.08%"
"15-07-2022","57.35","57.20","57.59","56.65","22.31M","1.08%"
"14-07-2022","56.74","57.60","57.96","55.40","34.99M","-1.03%"
"13-07-2022","57.33","59.68","59.92","57.00","42.83M","-2.08%"
"12-07-2022","58.55","57.36","59.87","57.21","112.01M","2.68%"
"11-07-2022","57.02","54.00","57.02","53.85","70.43M","4.99%"
"08-07-2022","54.31","55.58","55.72","53.80","35.39M","-1.47%"
"07-07-2022","55.12","53.10","55.16","53.01","57.64M","4.91%"
"06-07-2022","52.54","52.82","53.11","52.00","15.18M","-0.02%"
"05-07-2022","52.55","52.68","53.88","52.40","17.16M","0.40%"
"04-07-2022","52.34","52.78","53.30","52.20","15.55M","-0.59%"
"01-07-2022","52.65","52.57","52.98","51.02","24.06M","0.15%"
"30-06-2022","52.57","54.40","55.13","52.22","28.07M","-2.67%"
"29-06-2022","54.01","53.59","54.88","53.45","29.86M","-0.07%"
"28-06-2022","54.05","54.01","54.96","53.55","35.10M","-0.97%"
"27-06-2022","54.58","54.19","55.53","53.64","62.53M","3.20%"
"24-06-2022","52.89","51.20","53.04","51.20","46.54M","4.69%"
"23-06-2022","50.52","49.81","51.74","49.50","40.42M","2.14%"
"22-06-2022","49.46","50.38","50.60","49.02","35.99M","-2.66%"
"21-06-2022","50.81","49.67","51.73","47.66","88.51M","2.34%"
"20-06-2022","49.65","53.07","53.36","49.65","36.99M","-4.99%"
"17-06-2022","52.26","51.70","53.56","49.87","81.03M","0.77%"
"16-06-2022","51.86","56.00","56.51","51.69","58.77M","-4.69%"
"15-06-2022","54.41","54.00","55.14","54.00","37.23M","2.03%"
"14-06-2022","53.33","52.32","55.90","52.32","81.97M","0.17%"
"13-06-2022","53.24","53.90","55.10","53.22","55.93M","-4.96%"
"10-06-2022","56.02","56.56","57.07","55.80","36.23M","-2.66%"
"09-06-2022","57.55","56.89","58.10","55.42","47.57M","1.14%"
"08-06-2022","56.90","59.11","59.36","56.44","46.14M","-2.37%"
"07-06-2022","58.28","59.99","60.56","57.68","79.12M","-2.31%"
"06-06-2022","59.66","57.00","59.66","55.42","64.07M","5.00%"
"03-06-2022","56.82","60.20","60.56","56.40","104.06M","-3.81%"
"02-06-2022","59.07","58.35","62.60","58.35","268.14M","-3.83%"
"01-06-2022","61.42","62.10","63.34","61.42","62.66M","-5.00%"
"31-05-2022","64.65","64.65","64.65","64.65","321.95M","-5.00%"
"30-05-2022","68.05","67.74","68.90","65.20","196.97M","3.70%"
"27-05-2022","65.62","65.06","66.00","63.00","125.99M","4.39%"
"26-05-2022","62.86","61.78","62.86","57.22","151.67M","4.99%"
"25-05-2022","59.87","61.82","63.76","59.19","158.01M","-3.90%"
"24-05-2022","62.30","68.19","68.78","62.30","197.14M","-4.99%"
"23-05-2022","65.57","64.33","65.57","63.67","64.96M","5.00%"
"20-05-2022","62.45","61.40","62.45","61.02","112.28M","4.99%"
"19-05-2022","59.48","57.39","60.79","56.93","156.89M","0.92%"
"18-05-2022","58.94","58.94","58.94","56.72","180.56M","4.99%"
"17-05-2022","56.14","56.14","56.14","56.14","7.10M","4.99%"
"16-05-2022","53.47","53.47","53.47","53.47","15.69M","4.99%"
"13-05-2022","50.93","50.00","50.93","49.12","39.88M","4.99%"
"12-05-2022","48.51","50.00","50.92","48.51","55.34M","-4.99%"
"11-05-2022","51.06","51.46","55.60","50.84","172.39M","-4.58%"
"10-05-2022","53.51","54.49","56.32","53.51","69.54M","-4.99%"
"09-05-2022","56.32","59.13","59.60","55.49","202.41M","-3.58%"
"06-05-2022","58.41","56.79","58.41","54.30","228.39M","5.00%"
"05-05-2022","55.63","52.00","55.93","50.61","199.07M","4.43%"
"04-05-2022","53.27","57.60","57.80","53.27","88.26M","-4.99%"
"02-05-2022","56.07","56.00","57.77","54.60","89.77M","0.00%"
"29-04-2022","56.07","55.60","59.20","54.01","226.93M","-1.37%"
"28-04-2022","56.85","61.04","62.40","56.85","242.33M","-5.00%"
"27-04-2022","59.84","59.60","59.98","55.33","224.48M","4.74%"
"26-04-2022","57.13","57.12","57.13","56.60","29.32M","5.00%"
"25-04-2022","54.41","52.68","54.41","52.42","129.55M","5.00%"
"22-04-2022","51.82","49.96","51.82","49.74","173.01M","4.98%"
"21-04-2022","49.36","47.86","49.36","47.64","151.81M","5.00%"
"20-04-2022","47.01","47.79","48.70","46.40","130.25M","1.12%"
"19-04-2022","46.49","48.00","49.22","45.01","218.32M","-0.83%"
"18-04-2022","46.88","44.20","46.88","42.80","153.52M","4.99%"
"13-04-2022","44.65","46.48","47.25","43.86","137.13M","-3.27%"
"12-04-2022","46.16","46.80","47.98","44.93","212.77M","-0.35%"
"11-04-2022","46.32","43.79","46.39","43.22","309.34M","4.82%"
"08-04-2022","44.19","44.19","44.19","44.19","13.68M","-4.99%"
"07-04-2022","46.51","51.39","51.39","46.51","147.07M","-4.98%"
"06-04-2022","48.95","47.50","48.95","46.80","273.28M","5.00%"
"05-04-2022","46.62","43.00","46.62","42.36","481.79M","9.98%"
"04-04-2022","42.39","41.40","44.16","39.87","842.13M","4.18%"
"01-04-2022","40.69","37.54","40.72","37.54","710.09M","9.91%"
"31-03-2022","37.02","33.98","37.50","33.44","691.56M","7.93%"
"30-03-2022","34.30","35.40","35.78","32.80","663.85M","-1.18%"
"29-03-2022","34.71","30.93","36.28","30.80","1.21B","13.99%"
"28-03-2022","30.45","29.20","30.65","29.01","454.77M","6.32%"
"25-03-2022","28.64","26.69","28.98","26.52","512.50M","8.36%"
"24-03-2022","26.43","26.14","26.97","26.04","129.23M","1.50%"
"23-03-2022","26.04","24.94","26.88","24.85","330.60M","5.21%"
"22-03-2022","24.75","24.90","24.95","24.46","59.01M","-0.64%"
"21-03-2022","24.91","25.17","25.38","24.82","70.79M","-0.44%"
"17-03-2022","25.02","25.06","25.53","24.74","140.83M","1.79%"
"16-03-2022","24.58","24.86","25.00","24.46","54.41M","0.49%"
"15-03-2022","24.46","24.58","25.44","24.30","135.34M","0.12%"
"14-03-2022","24.43","24.51","24.62","24.10","70.72M","0.29%"
"11-03-2022","24.36","24.40","24.70","24.22","71.81M","-0.57%"
"10-03-2022","24.50","25.00","25.14","24.27","104.12M","0.99%"
"09-03-2022","24.26","24.26","24.54","23.92","106.17M","2.19%"
"08-03-2022","23.74","23.68","24.29","23.47","138.73M","1.93%"
"07-03-2022","23.29","23.20","23.69","23.07","111.60M","-2.76%"
"04-03-2022","23.95","24.40","24.53","23.44","188.65M","-2.40%"
"03-03-2022","24.54","25.05","25.45","24.36","149.40M","-0.32%"
"02-03-2022","24.62","24.67","25.09","24.31","189.95M","-0.53%"
"28-02-2022","24.75","24.40","25.35","23.81","315.28M","-0.24%"
"25-02-2022","24.81","24.00","25.56","23.45","545.14M","11.61%"
"24-02-2022","22.23","22.51","24.08","21.74","380.72M","-11.47%"
"23-02-2022","25.11","25.18","25.89","24.83","325.04M","4.15%"
"22-02-2022","24.11","22.73","24.88","22.21","354.24M","0.33%"
"21-02-2022","24.03","26.40","26.93","23.57","387.91M","-8.70%"
"18-02-2022","26.32","26.40","27.30","26.02","420.24M","-0.30%"
"17-02-2022","26.40","25.89","27.54","25.75","624.54M","4.14%"
"16-02-2022","25.35","24.04","27.10","23.92","688.39M","7.46%"
"15-02-2022","23.59","23.08","23.96","22.46","248.20M","4.06%"
"14-02-2022","22.67","24.40","24.90","22.20","275.29M","-9.32%"
"11-02-2022","25.00","24.54","26.36","24.02","539.43M","1.83%"
"10-02-2022","24.55","21.63","25.82","21.22","593.11M","14.08%"
"09-02-2022","21.52","21.84","21.97","21.30","39.64M","-0.51%"
"08-02-2022","21.63","22.54","22.73","21.36","53.29M","-3.18%"
"07-02-2022","22.34","21.98","23.00","21.87","90.21M","2.90%"
"04-02-2022","21.71","21.74","22.48","21.50","45.91M","0.88%"
"03-02-2022","21.52","21.72","21.82","21.40","15.64M","-0.69%"
"02-02-2022","21.67","21.80","21.96","21.55","19.02M","0.32%"
"01-02-2022","21.60","21.59","22.11","21.20","45.78M","1.65%"
"31-01-2022","21.25","21.39","21.66","21.13","20.05M","0.47%"
"28-01-2022","21.15","21.34","21.86","21.00","25.79M","0.09%"
"27-01-2022","21.13","20.60","21.39","20.56","29.45M","-1.40%"
"25-01-2022","21.43","20.44","21.75","19.60","45.47M","4.23%"
"24-01-2022","20.56","22.00","22.00","20.40","47.71M","-6.50%"
"21-01-2022","21.99","22.48","22.81","21.73","37.69M","-3.34%"
"20-01-2022","22.75","22.90","23.20","22.53","52.87M","-0.13%"
"19-01-2022","22.78","22.14","23.05","21.60","68.65M","3.78%"
"18-01-2022","21.95","23.38","23.55","21.80","63.93M","-5.43%"
"17-01-2022","23.21","23.60","24.20","23.00","55.18M","-0.94%"
"14-01-2022","23.43","23.20","23.94","23.00","76.14M","0.60%"
"13-01-2022","23.29","24.54","24.88","23.00","164.40M","-2.47%"
"12-01-2022","23.88","22.27","23.88","22.27","199.43M","10.00%"
"11-01-2022","21.71","21.80","22.30","21.08","106.21M","-0.14%"
"10-01-2022","21.74","20.20","22.04","19.85","187.36M","8.48%"
"07-01-2022","20.04","20.28","20.49","19.90","23.80M","0.35%"
"06-01-2022","19.97","19.90","20.08","19.73","21.87M","0.00%"
"05-01-2022","19.97","20.13","20.32","19.92","21.25M","-0.70%"
"04-01-2022","20.11","20.50","20.71","20.02","29.57M","-0.74%"
"03-01-2022","20.26","20.03","20.78","20.02","36.76M","1.60%"
"31-12-2021","19.94","19.98","20.30","19.90","16.76M","0.25%"
"30-12-2021","19.89","20.00","20.08","19.82","10.46M","-0.40%"
"29-12-2021","19.97","20.24","20.48","19.94","15.38M","-1.14%"
"28-12-2021","20.20","20.06","20.80","19.84","35.28M","1.56%"
"27-12-2021","19.89","19.76","20.14","19.46","23.22M","0.81%"
"24-12-2021","19.73","19.99","19.99","19.62","12.86M","-0.65%"
"23-12-2021","19.86","20.09","20.19","19.82","11.18M","-0.35%"
"22-12-2021","19.93","19.98","20.19","19.80","10.79M","0.81%"
"21-12-2021","19.77","19.43","19.98","19.43","14.29M","1.80%"
"20-12-2021","19.42","19.76","19.76","19.02","20.53M","-3.00%"
"17-12-2021","20.02","20.20","20.26","19.80","16.79M","-1.18%"
"16-12-2021","20.26","20.74","20.79","20.16","11.68M","-0.88%"
"15-12-2021","20.44","20.70","20.94","20.31","13.00M","-1.11%"
"14-12-2021","20.67","20.68","20.97","20.50","13.02M","-0.39%"
"13-12-2021","20.75","21.12","21.48","20.70","23.37M","-0.29%"
"10-12-2021","20.81","20.76","21.29","20.70","24.61M","0.48%"
"09-12-2021","20.71","21.07","21.07","20.54","15.07M","-0.38%"
"08-12-2021","20.79","20.20","21.50","20.20","35.50M","3.59%"
"07-12-2021","20.07","20.12","20.19","19.80","13.45M","0.85%"
"06-12-2021","19.90","20.16","20.20","19.80","11.83M","-1.29%"
"03-12-2021","20.16","20.38","20.52","20.10","14.60M","-0.93%"
"02-12-2021","20.35","20.16","20.40","20.08","13.73M","0.49%"
"01-12-2021","20.25","20.40","20.40","19.94","12.14M","1.91%"
"30-11-2021","19.87","20.10","20.64","19.80","17.35M","0.97%"
"29-11-2021","19.68","20.00","20.20","18.72","23.13M","-2.81%"
"26-11-2021","20.25","20.81","20.86","20.20","21.68M","-3.62%"
"25-11-2021","21.01","21.29","21.40","20.72","19.87M","-0.80%"
"24-11-2021","21.18","21.40","21.94","21.08","30.05M","-0.05%"
"23-11-2021","21.19","20.12","21.19","19.73","19.94M","4.95%"
"22-11-2021","20.19","20.58","20.65","19.76","18.62M","-1.90%"
"18-11-2021","20.58","21.00","21.16","20.28","19.85M","-1.34%"
"17-11-2021","20.86","21.30","21.54","20.80","20.61M","-2.30%"
"16-11-2021","21.35","21.52","21.96","21.25","14.60M","-0.37%"
"15-11-2021","21.43","22.05","22.05","20.95","15.42M","-1.20%"
"12-11-2021","21.69","21.84","22.14","21.40","25.03M","0.32%"
"11-11-2021","21.62","22.16","22.32","21.47","19.15M","-1.86%"
"10-11-2021","22.03","22.20","22.74","21.81","39.16M","0.41%"
"09-11-2021","21.94","20.88","21.94","20.83","43.48M","4.98%"
"08-11-2021","20.90","21.24","21.24","20.60","17.17M","-0.85%"
"04-11-2021","21.08","21.04","21.30","20.95","8.40M","2.08%"
"03-11-2021","20.65","20.98","20.98","20.26","14.88M","-0.82%"
"02-11-2021","20.82","20.94","21.04","20.42","16.20M","1.22%"
"01-11-2021","20.57","19.63","20.88","19.60","23.47M","2.34%"
"29-10-2021","20.10","20.69","21.36","19.80","18.40M","-2.85%"
"28-10-2021","20.69","21.80","21.99","20.67","25.30M","-4.87%"
"27-10-2021","21.75","22.40","22.77","21.54","12.44M","-3.07%"
"26-10-2021","22.44","21.50","23.28","21.13","20.26M","0.90%"
"25-10-2021","22.24","22.75","22.75","22.24","5.96M","-5.00%"
"22-10-2021","23.41","24.00","24.60","23.41","18.26M","-4.99%"
"21-10-2021","24.64","24.59","25.30","24.00","52.29M","1.90%"
"20-10-2021","24.18","24.44","25.60","23.00","102.90M","-3.16%"
"19-10-2021","24.97","26.69","27.10","23.02","359.03M","1.34%"
"18-10-2021","24.64","23.69","24.64","23.43","39.66M","10.00%"
"14-10-2021","22.40","21.69","22.40","21.50","55.63M","4.97%"
"13-10-2021","21.34","20.48","21.34","20.36","54.70M","4.97%"
"12-10-2021","20.33","20.58","20.68","20.24","21.68M","-0.20%"
"11-10-2021","20.37","20.60","20.95","20.20","31.06M","0.25%"
"08-10-2021","20.32","20.58","20.69","20.20","21.35M","-0.34%"
"07-10-2021","20.39","20.46","20.96","20.31","25.61M","0.39%"
"06-10-2021","20.31","21.46","21.78","20.24","60.34M","-4.65%"
"05-10-2021","21.30","20.56","21.36","20.35","91.94M","4.67%"
"04-10-2021","20.35","19.57","20.35","19.50","81.07M","4.95%"
"01-10-2021","19.39","19.20","19.80","19.00","19.00M","-0.15%"
"30-09-2021","19.42","19.85","19.88","19.38","27.01M","-1.22%"
"29-09-2021","19.66","19.14","20.16","18.88","60.61M","2.40%"
"28-09-2021","19.20","19.49","19.55","19.03","17.23M","-1.03%"
"27-09-2021","19.40","19.20","19.70","19.00","21.09M","1.20%"
"24-09-2021","19.17","19.60","19.68","19.10","17.13M","-1.24%"
"23-09-2021","19.41","19.38","19.75","19.14","23.62M","1.20%"
"22-09-2021","19.18","19.00","19.50","18.97","14.54M","1.43%"
"21-09-2021","18.91","18.72","19.28","18.21","18.52M","-0.94%"
"20-09-2021","19.09","19.21","19.71","19.09","27.26M","-4.98%"
"17-09-2021","20.09","19.88","20.20","19.15","23.56M","1.93%"
"16-09-2021","19.71","20.07","20.08","19.64","9.95M","-0.95%"
"15-09-2021","19.90","19.98","20.30","19.60","15.03M","0.30%"
"14-09-2021","19.84","19.80","20.40","19.57","13.65M","-1.34%"
"13-09-2021","20.11","20.00","20.38","19.66","18.88M","-1.95%"
"09-09-2021","20.51","20.00","20.52","19.11","30.78M","4.91%"
"08-09-2021","19.55","18.00","19.55","17.84","17.20M","4.99%"
"07-09-2021","18.62","19.06","19.20","18.62","13.80M","-5.00%"
"06-09-2021","19.60","19.60","20.43","19.60","23.93M","-4.99%"
"03-09-2021","20.63","22.65","22.65","20.63","58.00M","-4.97%"
"02-09-2021","21.71","21.71","21.71","21.30","30.51M","4.98%"
"01-09-2021","20.68","20.40","20.68","20.21","19.26M","4.97%"
"31-08-2021","19.70","19.60","19.70","19.20","40.38M","4.95%"
"30-08-2021","18.77","18.26","18.77","18.00","25.72M","4.98%"
"27-08-2021","17.88","17.88","17.88","17.03","43.95M","4.99%"
"26-08-2021","17.03","17.03","17.03","17.03","4.09M","4.99%"
"25-08-2021","16.22","16.22","16.22","15.80","8.99M","4.98%"
"24-08-2021","15.45","14.40","15.45","14.07","18.23M","4.96%"
"23-08-2021","14.72","15.49","15.60","14.72","16.66M","-4.97%"
"20-08-2021","15.49","15.05","15.94","14.83","18.75M","0.19%"
"18-08-2021","15.46","15.99","16.00","15.30","26.68M","-3.31%"
"17-08-2021","15.99","16.60","16.66","15.79","23.46M","-3.73%"
"16-08-2021","16.61","16.98","16.99","16.44","8.48M","-2.24%"
"13-08-2021","16.99","17.29","17.32","16.92","8.89M","-0.06%"
"12-08-2021","17.00","16.38","17.36","16.22","16.81M","1.92%"
"11-08-2021","16.68","16.36","17.00","16.32","26.76M","-2.85%"
"10-08-2021","17.17","18.20","18.27","17.17","18.60M","-4.98%"
"09-08-2021","18.07","18.94","19.10","17.91","16.93M","-2.38%"
"06-08-2021","18.51","18.44","18.51","17.82","21.61M","4.99%"
"05-08-2021","17.63","18.40","18.59","17.40","20.69M","-2.33%"
"04-08-2021","18.05","18.72","18.80","18.00","26.44M","-1.74%"
"03-08-2021","18.37","18.90","19.26","18.26","32.61M","-1.08%"
"02-08-2021","18.57","19.30","19.57","18.38","32.56M","-3.13%"
"30-07-2021","19.17","19.04","19.40","18.80","6.53M","0.47%"
"29-07-2021","19.08","19.69","19.70","19.01","6.97M","-1.70%"
"28-07-2021","19.41","18.95","19.78","18.30","14.08M","2.43%"
"27-07-2021","18.95","19.40","19.53","18.81","13.21M","-3.27%"
"26-07-2021","19.59","20.09","20.10","19.51","8.02M","-2.49%"
"23-07-2021","20.09","20.29","20.92","19.44","17.88M","-1.33%"
"22-07-2021","20.36","18.44","20.38","18.44","30.39M","4.89%"
"20-07-2021","19.41","19.41","19.76","19.41","24.40M","-4.99%"
"19-07-2021","20.43","21.13","21.55","20.09","25.37M","-3.31%"
"16-07-2021","21.13","20.82","21.58","20.40","17.10M","1.49%"
"15-07-2021","20.82","21.01","21.20","20.65","11.76M","-0.90%"
"14-07-2021","21.01","21.56","21.70","20.96","11.20M","-1.59%"
"13-07-2021","21.35","21.80","21.96","21.21","10.25M","-1.34%"
"12-07-2021","21.64","22.13","22.19","21.60","9.94M","-1.23%"
"09-07-2021","21.91","21.77","22.19","21.40","11.25M","0.74%"
"08-07-2021","21.75","21.96","22.12","21.42","11.88M","-0.96%"
"07-07-2021","21.96","22.13","22.18","21.40","15.19M","-1.88%"
"06-07-2021","22.38","21.10","22.42","20.64","34.24M","4.78%"
"05-07-2021","21.36","22.00","22.28","21.00","22.72M","-2.38%"
"02-07-2021","21.88","20.49","22.39","20.49","34.09M","1.48%"
"01-07-2021","21.56","22.69","23.00","21.56","33.90M","-4.98%"
"30-06-2021","22.69","23.30","23.58","22.50","18.62M","-2.45%"
"29-06-2021","23.26","23.88","23.96","23.20","13.44M","-1.61%"
"28-06-2021","23.64","22.70","24.20","22.24","26.93M","1.24%"
"25-06-2021","23.35","23.01","24.28","22.80","22.94M","-2.46%"
"24-06-2021","23.94","25.19","25.20","23.94","31.60M","-4.96%"
"23-06-2021","25.19","26.58","26.58","24.06","75.53M","-0.51%"
"22-06-2021","25.32","25.15","25.32","24.80","20.42M","4.98%"
"21-06-2021","24.12","21.84","24.12","21.84","60.72M","4.96%"
"18-06-2021","22.98","22.98","22.98","22.98","8.56M","-4.96%"
"17-06-2021","24.18","24.18","24.18","24.18","3.10M","-4.99%"
"16-06-2021","25.45","25.45","25.45","25.45","4.02M","-4.97%"
"15-06-2021","26.78","26.78","27.60","26.78","29.63M","-4.97%"
"14-06-2021","28.18","28.18","28.18","28.18","10.65M","-4.99%"
"11-06-2021","29.66","31.80","31.90","29.40","171.30M","-3.76%"
"10-06-2021","30.82","31.47","32.80","30.60","288.47M","1.15%"
"09-06-2021","30.47","31.20","33.38","27.70","962.19M","0.40%"
"08-06-2021","30.35","26.80","30.45","26.32","1.11B","19.58%"
"07-06-2021","25.38","22.51","25.38","22.25","575.75M","20.00%"
"04-06-2021","21.15","20.28","21.15","19.87","282.50M","4.96%"
"03-06-2021","20.15","19.50","20.24","19.40","252.35M","4.51%"
"02-06-2021","19.28","19.19","19.88","19.10","153.79M","1.10%"
"01-06-2021","19.07","18.80","19.42","18.36","158.72M","3.08%"
"31-05-2021","18.50","18.53","18.85","18.45","49.12M","0.60%"
"28-05-2021","18.39","19.18","19.40","18.15","130.92M","-3.36%"
"27-05-2021","19.03","20.00","20.00","18.86","172.75M","-4.13%"
"26-05-2021","19.85","20.25","20.27","19.81","31.77M","-1.15%"
"25-05-2021","20.08","20.40","20.50","20.00","42.90M","-0.64%"
"24-05-2021","20.21","20.34","20.60","20.20","45.68M","-0.05%"
"21-05-2021","20.22","20.20","20.55","20.10","64.65M","1.00%"
"20-05-2021","20.02","20.60","20.79","19.79","95.65M","-2.25%"
"19-05-2021","20.48","20.74","21.39","20.26","196.35M","0.49%"
"18-05-2021","20.38","19.58","20.38","19.42","122.21M","5.00%"
"17-05-2021","19.41","19.26","19.68","19.25","36.78M","1.30%"
"14-05-2021","19.16","19.68","19.68","18.80","58.66M","-1.69%"
"12-05-2021","19.49","19.99","20.16","19.40","45.77M","-1.57%"
"11-05-2021","19.80","19.59","20.20","19.47","69.39M","0.51%"
"10-05-2021","19.70","19.60","19.96","19.41","69.58M","1.49%"
"07-05-2021","19.41","19.80","20.00","19.34","64.65M","0.21%"
"06-05-2021","19.37","19.60","19.78","19.20","41.09M","-0.21%"
"05-05-2021","19.41","19.35","19.76","19.22","96.37M","1.41%"
"04-05-2021","19.14","19.34","19.80","18.87","106.96M","0.16%"
"03-05-2021","19.11","18.80","19.53","18.41","67.06M","0.84%"
"30-04-2021","18.95","19.02","19.66","18.89","86.73M","-2.32%"
"29-04-2021","19.40","19.38","19.84","19.14","206.71M","2.65%"
"28-04-2021","18.90","18.24","18.90","18.06","59.99M","5.00%"
"27-04-2021","18.00","17.66","18.15","17.55","44.58M","2.56%"
"26-04-2021","17.55","17.72","17.94","17.40","35.26M","-0.06%"
"23-04-2021","17.56","17.36","18.15","17.29","55.63M","0.69%"
"22-04-2021","17.44","17.22","17.66","17.04","64.09M","0.06%"
"20-04-2021","17.43","17.99","18.13","17.00","59.37M","-0.34%"
"19-04-2021","17.49","17.60","17.99","17.44","76.91M","-4.69%"
"16-04-2021","18.35","18.34","18.92","18.16","82.20M","1.10%"
"15-04-2021","18.15","17.71","18.48","17.70","105.50M","0.17%"
"13-04-2021","18.12","17.91","19.00","17.66","140.64M","-2.37%"
"12-04-2021","18.56","18.88","18.88","18.56","79.27M","-4.97%"
"09-04-2021","19.53","19.48","19.96","18.92","93.02M","0.26%"
"08-04-2021","19.48","20.12","20.40","19.36","99.53M","-2.55%"
"07-04-2021","19.99","20.66","20.66","19.10","304.96M","1.58%"
"06-04-2021","19.68","19.58","19.68","19.50","16.84M","4.96%"
"05-04-2021","18.75","18.48","18.75","17.84","130.60M","4.98%"
"01-04-2021","17.86","16.64","17.86","16.27","217.39M","5.00%"
"31-03-2021","17.01","17.23","17.54","17.01","79.47M","-4.97%"
"30-03-2021","17.90","19.00","19.11","17.90","112.51M","-4.99%"
"26-03-2021","18.84","19.84","20.60","18.84","140.28M","-4.99%"
"25-03-2021","19.83","21.08","21.74","19.83","242.88M","-4.98%"
"24-03-2021","20.87","21.18","21.33","19.91","119.50M","2.71%"
"23-03-2021","20.32","20.32","20.32","20.00","54.52M","4.96%"
"22-03-2021","19.36","18.70","19.36","18.70","134.23M","4.99%"
"19-03-2021","18.44","17.60","18.60","16.96","204.28M","3.31%"
"18-03-2021","17.85","18.07","18.28","17.10","249.62M","2.35%"
"17-03-2021","17.44","16.88","17.45","16.81","196.27M","4.93%"
"16-03-2021","16.62","16.30","16.65","16.00","168.18M","4.79%"
"15-03-2021","15.86","15.40","15.86","14.82","122.39M","4.96%"
"12-03-2021","15.11","15.10","15.86","14.79","191.96M","-2.89%"
"10-03-2021","15.56","16.60","16.87","15.56","160.23M","-4.95%"
"09-03-2021","16.37","16.36","16.39","15.22","278.85M","4.87%"
"08-03-2021","15.61","15.27","15.61","15.20","44.97M","4.98%"
"05-03-2021","14.87","14.60","14.98","13.65","262.08M","4.20%"
"04-03-2021","14.27","12.74","14.27","12.64","145.48M","9.94%"
"03-03-2021","12.98","12.80","13.33","12.65","185.83M","5.87%"
"02-03-2021","12.26","11.25","12.26","11.22","166.40M","9.96%"
"01-03-2021","11.15","11.17","11.30","11.08","23.16M","1.00%"
"26-02-2021","11.04","11.18","11.25","11.01","28.19M","-2.30%"
"25-02-2021","11.30","11.16","11.45","11.10","48.00M","2.26%"
"24-02-2021","11.05","11.14","11.25","11.01","14.37M","-0.09%"
"23-02-2021","11.06","11.18","11.33","10.99","26.64M","-0.36%"
"22-02-2021","11.10","11.20","11.47","10.97","40.38M","-0.63%"
"19-02-2021","11.17","11.20","11.72","10.89","94.11M","0.27%"
"18-02-2021","11.14","10.87","11.36","10.87","60.76M","2.67%"
"17-02-2021","10.85","11.06","11.08","10.56","66.87M","-1.72%"
"16-02-2021","11.04","11.43","11.78","10.89","153.36M","-2.99%"
"15-02-2021","11.38","11.51","11.82","11.22","135.71M","-0.61%"
"12-02-2021","11.45","10.80","11.70","10.66","181.64M","6.41%"
"11-02-2021","10.76","10.43","11.04","10.42","48.66M","3.26%"
"10-02-2021","10.42","10.60","10.62","10.40","21.32M","-1.14%"
"09-02-2021","10.54","10.67","10.70","10.48","19.49M","-0.66%"
"08-02-2021","10.61","10.57","10.90","10.52","22.05M","1.43%"
"05-02-2021","10.46","10.60","10.78","10.41","29.47M","-1.78%"
"04-02-2021","10.65","10.54","10.97","10.51","48.77M","1.43%"
"03-02-2021","10.50","10.58","10.64","10.44","19.68M","0.00%"
"02-02-2021","10.50","10.60","10.77","10.28","20.33M","0.29%"
"01-02-2021","10.47","10.40","10.59","10.20","25.30M","2.05%"
"29-01-2021","10.26","9.99","10.29","9.90","26.49M","4.69%"
"28-01-2021","9.80","9.78","9.97","9.70","14.13M","-1.21%"
"27-01-2021","9.92","10.19","10.23","9.88","21.26M","-3.12%"
"25-01-2021","10.24","10.67","10.77","10.11","19.72M","-3.12%"
"22-01-2021","10.57","10.76","10.92","10.52","24.03M","-1.67%"
"21-01-2021","10.75","11.20","11.26","10.62","25.85M","-3.24%"
"20-01-2021","11.11","11.10","11.21","11.01","22.86M","0.45%"
"19-01-2021","11.06","10.80","11.17","10.80","35.71M","3.27%"
"18-01-2021","10.71","10.84","10.98","10.52","33.76M","-1.02%"
"15-01-2021","10.82","10.82","10.99","10.55","27.25M","0.28%"
"14-01-2021","10.79","10.55","10.96","10.55","21.92M","0.56%"
"13-01-2021","10.73","11.26","11.35","10.59","45.36M","-3.68%"
"12-01-2021","11.14","11.35","11.48","11.00","66.36M","-0.71%"
"11-01-2021","11.22","10.88","11.22","10.72","84.69M","4.96%"
"08-01-2021","10.69","10.30","10.71","10.24","91.75M","4.80%"
"07-01-2021","10.20","10.24","10.35","10.14","36.06M","0.59%"
"06-01-2021","10.14","10.00","10.37","9.80","54.46M","1.81%"
"05-01-2021","9.96","9.98","10.05","9.80","29.32M","-0.80%"
"04-01-2021","10.04","10.14","10.18","9.98","32.79M","0.10%"
"01-01-2021","10.03","9.96","10.10","9.96","20.63M","0.70%"
"31-12-2020","9.96","10.10","10.15","9.90","25.72M","-0.50%"
"30-12-2020","10.01","10.14","10.22","9.85","30.73M","-0.79%"
"29-12-2020","10.09","10.17","10.36","9.55","68.93M","0.40%"
"28-12-2020","10.05","9.65","10.05","9.56","79.85M","4.91%"
"24-12-2020","9.58","9.52","9.73","9.46","49.89M","1.91%"
"23-12-2020","9.40","9.03","9.40","9.03","56.91M","4.91%"
"22-12-2020","8.96","8.70","9.09","8.55","71.46M","-0.44%"
"21-12-2020","9.00","9.47","9.50","9.00","41.46M","-4.96%"
"18-12-2020","9.47","9.45","9.55","9.01","43.21M","0.32%"
"17-12-2020","9.44","9.31","9.56","9.24","54.96M","0.64%"
"16-12-2020","9.38","9.70","9.74","9.20","51.97M","-2.39%"
"15-12-2020","9.61","9.79","9.79","9.46","175.00M","3.00%"
"14-12-2020","9.33","8.99","9.33","8.90","102.63M","4.95%"
"11-12-2020","8.89","9.33","9.47","8.89","143.34M","-4.92%"
"10-12-2020","9.35","9.94","10.28","9.19","193.89M","-5.08%"
"09-12-2020","9.85","10.61","10.84","9.73","239.81M","-6.01%"
"08-12-2020","10.48","11.41","11.57","10.40","169.10M","-7.75%"
"07-12-2020","11.36","12.10","12.30","10.85","217.26M","-4.70%"
"04-12-2020","11.92","11.60","12.79","11.26","659.40M","10.06%"
"03-12-2020","10.83","9.28","10.83","9.20","323.17M","19.93%"
"02-12-2020","9.03","8.38","9.14","8.32","194.20M","9.99%"
"01-12-2020","8.21","7.75","8.36","7.73","138.82M","6.62%"
"27-11-2020","7.70","7.69","7.78","7.65","25.20M","0.65%"
"26-11-2020","7.65","7.71","7.72","7.62","10.50M","0.00%"
"25-11-2020","7.65","7.81","7.85","7.61","29.32M","-1.16%"
"24-11-2020","7.74","7.80","7.86","7.72","26.87M","0.78%"
"23-11-2020","7.68","7.69","7.80","7.62","19.24M","1.05%"
"20-11-2020","7.60","7.66","7.76","7.55","17.45M","-0.78%"
"19-11-2020","7.66","7.88","8.00","7.62","53.28M","-2.79%"
"18-11-2020","7.88","7.53","7.99","7.50","88.55M","5.07%"
"17-11-2020","7.50","7.38","7.55","7.28","56.00M","3.02%"
"14-11-2020","7.28","7.26","7.33","7.26","2.68M","0.69%"
"13-11-2020","7.23","7.18","7.25","7.15","7.44M","0.28%"
"12-11-2020","7.21","7.30","7.34","7.20","13.35M","-1.10%"
"11-11-2020","7.29","7.31","7.37","7.27","8.87M","0.28%"
"10-11-2020","7.27","7.43","7.49","7.25","13.38M","-1.89%"
"09-11-2020","7.41","7.64","7.64","7.38","15.73M","-1.72%"
"06-11-2020","7.54","7.60","7.99","7.50","114.00M","3.57%"
"05-11-2020","7.28","7.36","7.36","7.24","8.98M","0.69%"
"04-11-2020","7.23","7.27","7.32","7.18","6.13M","0.28%"
"03-11-2020","7.21","7.12","7.37","7.12","7.25M","0.28%"
"02-11-2020","7.19","7.20","7.30","7.17","7.94M","0.56%"
"30-10-2020","7.15","7.13","7.22","7.12","6.60M","0.28%"
"29-10-2020","7.13","7.07","7.18","7.07","6.24M","0.99%"
"28-10-2020","7.06","7.07","7.13","7.05","4.01M","-0.28%"
"27-10-2020","7.08","7.03","7.11","6.97","5.80M","0.71%"
"26-10-2020","7.03","7.07","7.14","6.98","4.41M","-0.57%"
"23-10-2020","7.07","7.02","7.11","7.02","4.15M","1.00%"
"22-10-2020","7.00","7.03","7.08","6.90","7.96M","-0.28%"
"21-10-2020","7.02","7.10","7.14","6.97","4.92M","-0.99%"
"20-10-2020","7.09","7.07","7.15","7.07","4.69M","-0.56%"
"19-10-2020","7.13","7.22","7.27","7.06","4.62M","-0.97%"
"16-10-2020","7.20","7.24","7.27","7.18","2.20M","-0.28%"
"15-10-2020","7.22","7.21","7.36","7.21","5.50M","0.00%"
"14-10-2020","7.22","7.23","7.31","7.19","5.90M","-0.28%"
"13-10-2020","7.24","7.21","7.28","7.21","3.67M","0.00%"
"12-10-2020","7.24","7.22","7.38","7.21","9.12M","-1.09%"
"09-10-2020","7.32","7.26","7.34","7.21","3.52M","0.83%"
"08-10-2020","7.26","7.27","7.36","7.25","3.85M","-0.55%"
"07-10-2020","7.30","7.37","7.46","7.28","5.38M","-0.95%"
"06-10-2020","7.37","7.40","7.43","7.37","2.59M","-0.14%"
"05-10-2020","7.38","7.42","7.46","7.37","4.36M","-0.40%"
"01-10-2020","7.41","7.40","7.47","7.37","3.67M","0.41%"
"30-09-2020","7.38","7.45","7.46","7.36","3.75M","-0.94%"
"29-09-2020","7.45","7.46","7.51","7.42","11.04M","0.27%"
"28-09-2020","7.43","7.38","7.46","7.33","6.48M","1.50%"
"25-09-2020","7.32","7.29","7.38","7.26","6.98M","0.83%"
"24-09-2020","7.26","7.28","7.33","7.23","8.91M","-0.95%"
"23-09-2020","7.33","7.33","7.48","7.27","12.80M","-0.14%"
"22-09-2020","7.34","7.39","7.42","7.21","12.44M","-0.81%"
"21-09-2020","7.40","7.49","7.56","7.36","11.61M","-1.07%"
"18-09-2020","7.48","7.40","7.55","7.40","13.27M","1.08%"
"17-09-2020","7.40","7.42","7.46","7.37","9.94M","-0.40%"
"16-09-2020","7.43","7.44","7.48","7.42","15.49M","0.00%"
"15-09-2020","7.43","7.46","7.52","7.42","7.43M","-0.27%"
"14-09-2020","7.45","7.54","7.56","7.42","7.10M","-0.40%"
"11-09-2020","7.48","7.58","7.58","7.44","8.10M","-0.66%"
"10-09-2020","7.53","7.50","7.63","7.45","16.59M","1.48%"
"09-09-2020","7.42","7.38","7.44","7.34","9.05M","-0.13%"
"08-09-2020","7.43","7.44","7.56","7.42","12.97M","-0.13%"
"07-09-2020","7.44","7.58","7.59","7.43","12.30M","-1.06%"
"04-09-2020","7.52","7.54","7.71","7.50","16.09M","-2.72%"
"03-09-2020","7.73","7.80","7.84","7.71","13.56M","-1.28%"
"02-09-2020","7.83","7.84","7.89","7.67","28.57M","0.90%"
"01-09-2020","7.76","7.80","7.89","7.46","74.59M","4.16%"
"31-08-2020","7.45","7.90","8.23","7.34","98.62M","-5.10%"
"28-08-2020","7.85","7.89","7.97","7.82","19.18M","-0.51%"
"27-08-2020","7.89","8.10","8.12","7.83","24.54M","-1.74%"
"26-08-2020","8.03","8.18","8.18","7.93","50.23M","-1.95%"
"25-08-2020","8.19","7.84","8.32","7.81","148.90M","6.64%"
"24-08-2020","7.68","7.89","7.99","7.66","23.74M","-1.92%"
"21-08-2020","7.83","7.76","7.99","7.68","59.32M","1.82%"
"20-08-2020","7.69","7.48","7.93","7.42","71.77M","2.53%"
"19-08-2020","7.50","7.34","7.56","7.34","18.97M","1.90%"
"18-08-2020","7.36","7.44","7.46","7.35","7.55M","-0.67%"
"17-08-2020","7.41","7.44","7.51","7.34","5.96M","-0.27%"
"14-08-2020","7.43","7.53","7.57","7.41","10.02M","-1.33%"
"13-08-2020","7.53","7.47","7.59","7.43","11.73M","0.94%"
"12-08-2020","7.46","7.50","7.63","7.45","9.74M","-0.93%"
"11-08-2020","7.53","7.65","7.74","7.51","24.59M","0.00%"
"10-08-2020","7.53","7.33","7.79","7.33","52.87M","2.73%"
"07-08-2020","7.33","7.04","7.38","7.04","41.96M","4.12%"
"06-08-2020","7.04","7.08","7.16","7.03","16.81M","-0.14%"
"05-08-2020","7.05","7.22","7.23","7.03","13.21M","-1.95%"
"04-08-2020","7.19","7.04","7.23","7.02","23.27M","2.28%"
"03-08-2020","7.03","7.02","7.08","7.02","6.26M","-0.71%"
"31-07-2020","7.08","7.19","7.25","7.02","16.28M","-0.28%"
"30-07-2020","7.10","7.14","7.17","7.08","7.34M","-0.42%"
"29-07-2020","7.13","7.12","7.29","7.08","21.03M","0.42%"
"28-07-2020","7.10","7.07","7.14","7.02","11.82M","0.71%"
"27-07-2020","7.05","7.00","7.14","7.00","16.88M","0.71%"
"24-07-2020","7.00","7.02","7.05","6.98","8.75M","-0.43%"
"23-07-2020","7.03","7.02","7.08","7.01","9.10M","0.29%"
"22-07-2020","7.01","7.01","7.10","6.97","16.29M","-0.57%"
"21-07-2020","7.05","7.08","7.14","7.02","13.13M","-0.28%"
"20-07-2020","7.07","7.11","7.20","7.03","9.41M","-0.42%"
"17-07-2020","7.10","6.98","7.23","6.92","25.20M","2.31%"
"16-07-2020","6.94","6.93","6.99","6.91","9.79M","0.00%"
"15-07-2020","6.94","7.17","7.17","6.91","14.52M","-2.80%"
"14-07-2020","7.14","6.94","7.23","6.87","30.76M","2.88%"
"13-07-2020","6.94","6.98","6.99","6.88","16.67M","-0.29%"
"10-07-2020","6.96","7.03","7.08","6.94","22.20M","-2.11%"
"09-07-2020","7.11","7.19","7.19","7.10","11.07M","-0.42%"
"08-07-2020","7.14","7.20","7.22","7.12","13.19M","-0.70%"
"07-07-2020","7.19","7.19","7.25","7.14","18.86M","0.14%"
"06-07-2020","7.18","7.18","7.30","7.16","22.64M","0.00%"
"03-07-2020","7.18","7.18","7.22","7.16","13.22M","0.28%"
"02-07-2020","7.16","7.22","7.25","7.13","13.37M","-0.28%"
"01-07-2020","7.18","7.16","7.22","7.15","12.26M","-0.28%"
"30-06-2020","7.20","7.35","7.35","7.16","13.89M","-0.69%"
"29-06-2020","7.25","7.39","7.45","7.19","21.85M","-1.36%"
"26-06-2020","7.35","7.56","7.58","7.28","27.67M","0.00%"
"25-06-2020","7.35","7.57","7.65","7.30","79.87M","-2.65%"
"24-06-2020","7.55","7.66","7.82","7.40","102.63M","-0.40%"
"23-06-2020","7.58","7.60","7.68","7.44","57.41M","-0.79%"
"22-06-2020","7.64","7.71","7.72","7.19","143.09M","0.53%"
"19-06-2020","7.60","7.53","7.71","7.52","53.66M","1.06%"
"18-06-2020","7.52","7.40","7.68","7.34","48.39M","2.17%"
"17-06-2020","7.36","7.25","7.46","7.16","61.97M","0.55%"
"16-06-2020","7.32","7.54","7.64","7.11","66.60M","-2.40%"
"15-06-2020","7.50","7.58","7.76","7.46","54.39M","-1.32%"
"12-06-2020","7.60","7.22","7.65","7.22","68.10M","0.40%"
"11-06-2020","7.57","7.77","7.78","7.53","56.52M","-2.45%"
"10-06-2020","7.76","7.74","7.82","7.62","52.48M","1.17%"
"09-06-2020","7.67","7.78","7.85","7.61","44.74M","-0.52%"
"08-06-2020","7.71","7.82","8.00","7.65","64.03M","-0.90%"
"05-06-2020","7.78","7.80","7.88","7.69","55.70M","0.39%"
"04-06-2020","7.75","7.54","7.85","7.45","109.08M","2.79%"
"03-06-2020","7.54","8.38","8.38","7.42","343.06M","-6.22%"
"02-06-2020","8.04","7.91","8.10","7.81","123.01M","1.64%"
"01-06-2020","7.91","8.00","8.00","7.55","278.81M","8.65%"
"29-05-2020","7.28","7.23","7.46","7.11","101.42M","1.11%"
"28-05-2020","7.20","7.56","7.62","7.10","134.73M","-2.70%"
"27-05-2020","7.40","7.30","7.65","7.17","175.68M","0.82%"
"26-05-2020","7.34","6.68","7.44","6.68","262.41M","11.21%"
"22-05-2020","6.60","6.70","6.90","6.57","68.01M","-3.65%"
"21-05-2020","6.85","6.94","6.98","6.64","118.98M","-1.01%"
"20-05-2020","6.92","7.30","7.40","6.83","231.88M","-1.98%"
"19-05-2020","7.06","6.30","7.28","6.12","326.51M","14.24%"
"18-05-2020","6.18","6.66","6.66","6.06","79.98M","-4.48%"
"15-05-2020","6.47","6.66","6.67","6.42","49.44M","-2.12%"
"14-05-2020","6.61","6.50","7.27","6.42","252.01M","3.77%"
"13-05-2020","6.37","6.35","6.55","5.98","80.52M","6.70%"
"12-05-2020","5.97","5.92","6.00","5.81","18.65M","0.84%"
"11-05-2020","5.92","6.00","6.09","5.90","27.14M","-1.00%"
"08-05-2020","5.98","6.16","6.24","5.94","28.95M","-2.13%"
"07-05-2020","6.11","6.04","6.22","6.04","21.96M","-0.33%"
"06-05-2020","6.13","6.14","6.18","5.94","29.78M","0.66%"
"05-05-2020","6.09","6.11","6.17","6.00","29.94M","2.01%"
"04-05-2020","5.97","6.20","6.20","5.92","38.06M","-5.69%"
"30-04-2020","6.33","6.39","6.55","6.30","64.56M","1.28%"
"29-04-2020","6.25","6.15","6.32","6.06","43.21M","3.65%"
"28-04-2020","6.03","5.80","6.14","5.80","88.11M","-2.27%"
"27-04-2020","6.17","6.32","6.40","6.10","42.79M","0.65%"
"24-04-2020","6.13","6.46","6.47","6.09","46.14M","-5.55%"
"23-04-2020","6.49","6.43","6.72","6.43","40.88M","0.15%"
"22-04-2020","6.48","6.20","6.60","5.92","83.64M","1.57%"
"21-04-2020","6.38","6.80","6.89","6.30","70.65M","-8.20%"
"20-04-2020","6.95","6.27","7.10","6.17","167.26M","12.46%"
"17-04-2020","6.18","6.18","6.26","6.04","61.24M","3.52%"
"16-04-2020","5.97","5.86","6.04","5.82","27.25M","1.88%"
"15-04-2020","5.86","6.08","6.23","5.81","80.86M","-1.18%"
"13-04-2020","5.93","6.12","6.26","5.77","45.69M","-2.47%"
"09-04-2020","6.08","5.84","6.15","5.84","43.47M","5.01%"
"08-04-2020","5.79","5.73","6.23","5.50","61.54M","0.52%"
"07-04-2020","5.76","5.50","5.82","5.40","40.27M","7.66%"
"03-04-2020","5.35","5.39","5.43","5.16","23.70M","-0.19%"
"01-04-2020","5.36","5.55","5.58","5.31","29.27M","-3.42%"
"31-03-2020","5.55","5.11","5.66","5.11","43.30M","3.54%"
"30-03-2020","5.36","5.49","5.49","5.22","35.32M","-2.90%"
"27-03-2020","5.52","6.25","6.48","5.44","70.02M","-8.31%"
"26-03-2020","6.02","5.79","6.20","5.61","58.86M","5.43%"
"25-03-2020","5.71","5.59","5.82","5.47","30.25M","2.15%"
"24-03-2020","5.59","5.47","5.69","5.13","37.60M","8.97%"
"23-03-2020","5.13","5.23","5.56","5.06","23.05M","-11.70%"
"20-03-2020","5.81","5.70","5.89","5.34","60.52M","7.59%"
"19-03-2020","5.40","5.40","5.60","4.80","66.68M","-4.09%"
"18-03-2020","5.63","5.60","5.76","5.32","68.51M","4.84%"
"17-03-2020","5.37","5.70","5.95","5.22","69.14M","-5.62%"
"16-03-2020","5.69","5.84","6.06","5.40","59.91M","-8.08%"
"13-03-2020","6.19","5.46","6.34","4.60","103.85M","2.15%"
"12-03-2020","6.06","7.59","7.96","5.94","125.02M","-26.46%"
"11-03-2020","8.24","8.10","8.55","8.01","42.15M","1.10%"
"09-03-2020","8.15","8.66","8.70","7.97","34.66M","-7.60%"
"06-03-2020","8.82","8.60","8.92","8.43","26.82M","-5.67%"
"05-03-2020","9.35","9.50","9.66","9.27","46.28M","-1.89%"
"04-03-2020","9.53","9.70","9.78","9.20","47.55M","-2.56%"
"03-03-2020","9.78","9.61","9.93","9.55","38.87M","3.93%"
"02-03-2020","9.41","9.84","10.01","9.29","47.49M","-0.53%"
"28-02-2020","9.46","10.20","10.34","9.30","64.08M","-10.42%"
"27-02-2020","10.56","10.90","10.94","10.48","30.66M","-3.03%"
"26-02-2020","10.89","11.11","11.23","10.76","45.54M","-2.85%"
"25-02-2020","11.21","11.22","11.42","11.14","21.68M","0.00%"
"24-02-2020","11.21","11.40","11.55","11.16","14.29M","-2.78%"
"20-02-2020","11.53","11.65","11.78","11.44","22.59M","-1.37%"
"19-02-2020","11.69","11.45","11.82","11.29","35.73M","3.00%"
"18-02-2020","11.35","11.22","11.40","11.05","45.08M","-1.39%"
"17-02-2020","11.51","11.86","11.89","11.31","24.40M","-3.44%"
"14-02-2020","11.92","12.05","12.10","11.78","37.14M","-0.83%"
"13-02-2020","12.02","12.12","12.23","11.92","31.48M","-0.58%"
"12-02-2020","12.09","12.03","12.22","11.96","23.94M","0.50%"
"11-02-2020","12.03","11.96","12.20","11.90","28.62M","0.42%"
"10-02-2020","11.98","12.20","12.20","11.84","31.09M","-1.56%"
"07-02-2020","12.17","12.14","12.36","12.04","24.39M","0.08%"
"06-02-2020","12.16","12.46","12.47","12.10","52.46M","-1.94%"
"05-02-2020","12.40","12.12","12.53","12.10","24.73M","2.56%"
"04-02-2020","12.09","11.81","12.14","11.81","28.22M","2.46%"
"03-02-2020","11.80","12.00","12.01","11.66","31.70M","-1.42%"
"01-02-2020","11.97","12.10","12.43","11.87","30.44M","-1.97%"
"31-01-2020","12.21","12.56","12.64","12.10","28.77M","-2.63%"
"30-01-2020","12.54","12.83","12.83","12.44","22.54M","-2.11%"
"29-01-2020","12.81","12.82","13.02","12.77","29.54M","0.39%"
"28-01-2020","12.76","12.93","13.08","12.71","37.22M","-1.39%"
"27-01-2020","12.94","12.67","13.05","12.54","41.99M","1.81%"
"24-01-2020","12.71","12.64","12.89","12.51","27.15M","0.32%"
"23-01-2020","12.67","12.52","12.74","12.46","22.37M","1.36%"
"22-01-2020","12.50","12.58","12.68","12.45","16.77M","-0.40%"
"21-01-2020","12.55","12.58","12.71","12.48","23.26M","-0.95%"
"20-01-2020","12.67","12.92","13.04","12.59","30.98M","-1.93%"
"17-01-2020","12.92","12.90","13.19","12.84","44.22M","-0.54%"
"16-01-2020","12.99","12.62","13.05","12.56","43.81M","2.61%"
"15-01-2020","12.66","12.44","12.81","12.34","48.80M","1.36%"
"14-01-2020","12.49","12.48","12.65","12.42","29.17M","0.24%"
"13-01-2020","12.46","12.26","12.54","12.15","57.02M","1.80%"
"10-01-2020","12.24","12.25","12.50","12.19","34.56M","0.08%"
"09-01-2020","12.23","12.07","12.32","12.02","46.34M","2.17%"
"08-01-2020","11.97","12.08","12.11","11.60","55.75M","-1.89%"
"07-01-2020","12.20","12.07","12.35","11.93","43.52M","1.50%"
"06-01-2020","12.02","12.60","12.65","11.90","48.50M","-4.98%"
"03-01-2020","12.65","12.88","12.99","12.54","40.57M","-1.86%"
"02-01-2020","12.89","12.80","12.97","12.68","54.98M","0.86%"
"01-01-2020","12.78","12.36","12.86","12.31","82.08M","3.40%"
"31-12-2019","12.36","12.25","12.43","12.21","37.78M","1.23%"
"30-12-2019","12.21","12.06","12.40","12.04","40.55M","1.33%"
"27-12-2019","12.05","12.00","12.15","12.00","12.41M","0.33%"
"26-12-2019","12.01","12.14","12.18","11.96","15.82M","-1.07%"
"24-12-2019","12.14","12.24","12.32","12.10","15.47M","-0.49%"
"23-12-2019","12.20","12.34","12.43","12.09","20.88M","-1.45%"
"20-12-2019","12.38","12.30","12.61","12.28","23.88M","0.65%"
"19-12-2019","12.30","12.22","12.35","12.13","16.55M","0.41%"
"18-12-2019","12.25","12.40","12.45","12.05","27.13M","-0.97%"
"17-12-2019","12.37","12.22","12.47","12.18","21.31M","1.39%"
"16-12-2019","12.20","12.26","12.37","12.16","23.03M","-0.49%"
"13-12-2019","12.26","12.10","12.34","12.06","28.87M","1.49%"
"12-12-2019","12.08","12.03","12.20","12.00","23.40M","0.58%"
"11-12-2019","12.01","11.82","12.07","11.75","33.67M","1.52%"
"10-12-2019","11.83","12.10","12.17","11.69","24.79M","-1.42%"
"09-12-2019","12.00","11.94","12.28","11.83","32.79M","0.33%"
"06-12-2019","11.96","12.14","12.28","11.76","26.13M","-1.73%"
"05-12-2019","12.17","12.30","12.44","12.07","23.41M","-1.54%"
"04-12-2019","12.36","11.90","12.41","11.81","37.20M","3.34%"
"03-12-2019","11.96","12.42","12.48","11.90","30.19M","-4.01%"
"02-12-2019","12.46","12.79","12.84","12.40","31.97M","-2.04%"
"29-11-2019","12.72","12.32","13.33","12.30","100.95M","3.33%"
"28-11-2019","12.31","12.40","12.49","12.26","27.08M","-0.24%"
"27-11-2019","12.34","12.30","12.47","12.20","24.73M","-0.24%"
"26-11-2019","12.37","12.56","12.74","12.27","54.38M","-0.88%"
"25-11-2019","12.48","12.10","12.56","12.05","41.23M","3.14%"
"22-11-2019","12.10","12.34","12.46","11.94","43.45M","-1.63%"
"21-11-2019","12.30","12.08","12.68","12.00","74.49M","1.91%"
"20-11-2019","12.07","12.06","12.29","11.86","45.83M","0.17%"
"19-11-2019","12.05","11.97","12.20","11.83","30.80M","0.67%"
"18-11-2019","11.97","12.20","12.33","11.90","39.64M","-1.64%"
"15-11-2019","12.17","12.32","12.46","12.10","35.22M","-1.54%"
"14-11-2019","12.36","12.40","12.66","11.96","112.71M","-2.45%"
"13-11-2019","12.67","13.45","13.50","12.44","125.31M","-5.87%"
"11-11-2019","13.46","13.69","13.70","13.32","38.17M","-2.04%"
"08-11-2019","13.74","14.06","14.42","13.66","42.80M","-2.62%"
"07-11-2019","14.11","14.26","14.30","14.05","27.82M","-0.77%"
"06-11-2019","14.22","13.93","14.43","13.70","63.06M","1.72%"
"05-11-2019","13.98","14.32","14.49","13.87","48.33M","-2.37%"
"04-11-2019","14.32","13.63","14.76","13.63","163.46M","5.45%"
"01-11-2019","13.58","13.22","13.71","13.12","49.11M","2.80%"
"31-10-2019","13.21","13.22","13.56","13.16","35.11M","0.00%"
"30-10-2019","13.21","13.25","13.33","13.10","22.17M","-0.30%"
"29-10-2019","13.25","12.88","13.42","12.84","49.79M","2.71%"
"27-10-2019","12.90","12.87","13.00","12.86","3.54M","0.47%"
"25-10-2019","12.84","12.70","13.00","12.63","33.84M","1.18%"
"24-10-2019","12.69","12.48","12.91","12.45","45.73M","1.44%"
"23-10-2019","12.51","12.65","12.74","12.36","26.15M","-1.11%"
"22-10-2019","12.65","12.80","13.01","12.59","34.42M","-1.40%"
"18-10-2019","12.83","12.51","13.12","12.45","65.54M","3.05%"
"17-10-2019","12.45","12.24","12.52","12.15","24.68M","1.80%"
"16-10-2019","12.23","12.38","12.42","12.11","22.11M","-1.21%"
"15-10-2019","12.38","12.43","12.47","12.20","33.46M","-0.64%"
"14-10-2019","12.46","12.52","12.75","12.41","38.17M","-0.24%"
"11-10-2019","12.49","12.54","12.63","12.36","55.98M","-0.08%"
"10-10-2019","12.50","12.16","12.62","11.78","85.96M","2.88%"
"09-10-2019","12.15","11.84","12.22","11.68","47.95M","2.45%"
"07-10-2019","11.86","11.92","12.04","11.77","33.48M","-1.33%"
"04-10-2019","12.02","12.35","12.37","11.90","48.18M","-1.96%"
"03-10-2019","12.26","12.32","12.42","12.12","39.51M","-0.73%"
"01-10-2019","12.35","12.96","13.05","12.05","49.73M","-3.97%"
"30-09-2019","12.86","13.39","13.39","12.68","58.02M","-4.03%"
"27-09-2019","13.40","13.68","13.80","13.33","43.15M","-1.83%"
"26-09-2019","13.65","13.68","13.79","13.43","66.31M","-0.29%"
"25-09-2019","13.69","13.51","13.98","13.37","138.77M","1.26%"
"24-09-2019","13.52","13.28","13.64","13.14","102.26M","2.58%"
"23-09-2019","13.18","12.82","13.26","12.70","86.65M","3.21%"
"20-09-2019","12.77","12.42","13.10","12.25","83.79M","3.15%"
"19-09-2019","12.38","12.84","12.85","12.18","50.29M","-3.66%"
"18-09-2019","12.85","12.88","12.99","12.59","49.31M","0.71%"
"17-09-2019","12.76","13.04","13.08","12.71","49.01M","-1.39%"
"16-09-2019","12.94","12.82","13.13","12.76","51.77M","0.15%"
"13-09-2019","12.92","12.72","13.03","12.44","46.75M","1.25%"
"12-09-2019","12.76","12.89","13.04","12.60","59.70M","0.08%"
"11-09-2019","12.75","12.12","12.90","12.11","77.95M","5.99%"
"09-09-2019","12.03","11.69","12.14","11.66","38.82M","3.08%"
"06-09-2019","11.67","11.52","11.86","11.49","42.33M","2.10%"
"05-09-2019","11.43","11.37","11.53","11.30","28.26M","0.88%"
"04-09-2019","11.33","11.48","11.55","11.14","42.06M","-1.31%"
"03-09-2019","11.48","11.53","11.77","11.43","37.31M","-1.71%"
"30-08-2019","11.68","11.52","11.85","11.44","39.54M","1.83%"
"29-08-2019","11.47","11.80","11.93","11.22","38.56M","-3.21%"
"28-08-2019","11.85","11.95","12.04","11.60","36.18M","-1.17%"
"27-08-2019","11.99","11.82","12.16","11.77","44.28M","1.35%"
"26-08-2019","11.83","11.85","12.02","11.31","57.95M","0.94%"
"23-08-2019","11.72","11.40","11.84","11.03","42.59M","2.99%"
"22-08-2019","11.38","11.64","11.87","11.28","42.46M","-2.32%"
"21-08-2019","11.65","11.65","11.78","11.51","29.05M","-1.35%"
"20-08-2019","11.81","12.05","12.05","11.53","44.35M","-2.07%"
"19-08-2019","12.06","11.76","12.22","11.73","35.97M","1.60%"
"16-08-2019","11.87","11.72","11.92","11.63","28.47M","0.25%"
"14-08-2019","11.84","11.80","11.89","11.52","41.27M","1.20%"
"13-08-2019","11.70","12.10","12.26","11.63","39.99M","-3.39%"
"09-08-2019","12.11","12.10","12.35","11.92","47.28M","0.92%"
"08-08-2019","12.00","12.00","12.19","11.31","77.43M","1.01%"
"07-08-2019","11.88","11.94","12.40","11.68","67.40M","-0.25%"
"06-08-2019","11.91","11.56","12.04","11.56","46.97M","2.14%"
"05-08-2019","11.66","12.17","12.17","11.38","92.93M","-5.13%"
"02-08-2019","12.29","11.87","12.70","11.67","94.03M","3.45%"
"01-08-2019","11.88","12.20","12.22","11.62","55.77M","-2.62%"
"31-07-2019","12.20","12.12","12.42","11.94","54.20M","0.58%"
"30-07-2019","12.13","12.34","12.45","12.04","40.79M","-1.54%"
"29-07-2019","12.32","12.57","12.62","12.08","52.25M","-2.07%"
"26-07-2019","12.58","12.40","12.68","12.29","42.99M","1.29%"
"25-07-2019","12.42","12.52","12.80","12.00","74.45M","-0.72%"
"24-07-2019","12.51","12.62","12.73","12.34","45.92M","-0.87%"
"23-07-2019","12.62","12.62","12.88","12.44","66.71M","0.24%"
"22-07-2019","12.59","12.22","12.80","12.04","64.16M","3.28%"
"19-07-2019","12.19","12.54","12.56","11.98","75.96M","-2.79%"
"18-07-2019","12.54","12.79","13.18","12.29","137.02M","-1.10%"
"17-07-2019","12.68","12.68","12.80","12.47","54.14M","-0.55%"
"16-07-2019","12.75","12.48","12.86","12.40","68.94M","1.67%"
"15-07-2019","12.54","12.79","12.83","12.17","79.90M","-1.80%"
"12-07-2019","12.77","12.57","13.13","12.52","119.21M","1.83%"
"11-07-2019","12.54","12.67","12.82","12.32","91.67M","-0.40%"
"10-07-2019","12.59","13.59","13.65","12.49","185.31M","-6.25%"
"09-07-2019","13.43","12.29","13.75","12.16","258.27M","8.13%"
"08-07-2019","12.42","12.50","12.77","12.29","85.18M","-2.44%"
"05-07-2019","12.73","13.01","13.18","12.54","99.46M","-2.60%"
"04-07-2019","13.07","13.16","13.38","12.94","114.89M","-0.61%"
"03-07-2019","13.15","12.86","13.25","12.72","264.26M","1.54%"
"02-07-2019","12.95","12.15","13.08","12.03","646.97M","7.38%"
"01-07-2019","12.06","10.45","12.25","10.16","400.28M","17.43%"
"28-06-2019","10.27","10.45","10.47","10.16","51.64M","-0.29%"
"27-06-2019","10.30","10.30","10.41","10.20","39.42M","0.39%"
"26-06-2019","10.26","10.14","10.30","10.06","66.31M","1.48%"
"25-06-2019","10.11","10.06","10.18","9.78","73.66M","0.80%"
"24-06-2019","10.03","9.58","10.10","9.43","76.51M","4.70%"
"21-06-2019","9.58","9.50","9.70","9.38","36.53M","0.84%"
"20-06-2019","9.50","9.19","9.58","9.10","45.90M","1.71%"
"19-06-2019","9.34","9.40","9.52","8.86","88.85M","-0.32%"
"18-06-2019","9.37","9.36","9.47","9.17","45.32M","0.21%"
"17-06-2019","9.35","9.70","9.71","9.22","59.83M","-3.61%"
"14-06-2019","9.70","9.70","10.00","9.62","51.08M","0.31%"
"13-06-2019","9.67","9.80","9.83","9.35","43.95M","-1.53%"
"12-06-2019","9.82","9.65","10.09","9.62","77.30M","1.76%"
"11-06-2019","9.65","9.55","9.74","9.32","38.89M","1.90%"
"10-06-2019","9.47","9.51","9.67","9.27","38.95M","0.00%"
"07-06-2019","9.47","9.64","9.71","9.24","46.86M","-1.76%"
"06-06-2019","9.64","10.06","10.08","9.41","52.52M","-4.17%"
"04-06-2019","10.06","9.96","10.25","9.92","46.06M","-0.10%"
"03-06-2019","10.07","10.09","10.13","9.82","50.64M","0.00%"
"31-05-2019","10.07","10.35","10.66","9.82","134.80M","-2.33%"
"30-05-2019","10.31","9.99","10.56","9.87","223.05M","6.62%"
"29-05-2019","9.67","9.80","9.94","9.41","75.29M","-1.33%"
"28-05-2019","9.80","9.94","10.07","9.70","87.99M","-0.20%"
"27-05-2019","9.82","9.48","9.94","9.31","114.99M","4.91%"
"24-05-2019","9.36","9.36","9.46","9.01","96.83M","0.32%"
"23-05-2019","9.33","9.77","10.20","9.12","251.16M","-0.11%"
"22-05-2019","9.34","9.36","9.40","8.98","96.29M","1.52%"
"21-05-2019","9.20","9.46","9.62","8.96","128.07M","-1.60%"
"20-05-2019","9.35","8.94","9.51","8.53","202.71M","15.01%"
"17-05-2019","8.13","8.10","8.25","7.74","67.02M","0.87%"
"16-05-2019","8.06","7.71","8.14","7.53","62.59M","4.27%"
"15-05-2019","7.73","8.21","8.25","7.62","50.33M","-5.27%"
"14-05-2019","8.16","7.63","8.29","7.47","73.45M","6.11%"
"13-05-2019","7.69","8.30","8.30","7.64","59.49M","-7.24%"
"10-05-2019","8.29","8.23","8.46","8.17","29.88M","1.22%"
"09-05-2019","8.19","8.27","8.38","8.12","32.16M","-0.97%"
"08-05-2019","8.27","8.28","8.42","8.15","37.55M","-0.36%"
"07-05-2019","8.30","8.60","8.71","8.23","42.18M","-3.04%"
"06-05-2019","8.56","8.66","8.76","8.50","37.45M","-2.39%"
"03-05-2019","8.77","8.87","9.05","8.57","68.16M","-1.35%"
"02-05-2019","8.89","8.98","9.18","8.70","68.62M","-1.00%"
"30-04-2019","8.98","9.71","9.73","8.80","95.11M","-7.23%"
"26-04-2019","9.68","10.16","10.27","9.56","79.50M","-4.54%"
"25-04-2019","10.14","10.60","10.71","10.03","68.88M","-3.80%"
"24-04-2019","10.54","10.28","10.60","10.21","49.00M","3.13%"
"23-04-2019","10.22","10.17","10.44","10.12","57.52M","0.49%"
"22-04-2019","10.17","10.76","10.90","10.07","69.09M","-6.09%"
"18-04-2019","10.83","10.80","11.16","10.56","94.09M","-0.37%"
"16-04-2019","10.87","10.90","11.02","10.75","71.08M","-0.46%"
"15-04-2019","10.92","10.65","11.05","10.11","183.68M","2.63%"
"12-04-2019","10.64","10.10","10.98","10.05","205.52M","5.45%"
"11-04-2019","10.09","9.79","10.16","9.63","77.52M","2.85%"
"10-04-2019","9.81","9.97","10.08","9.76","40.38M","-2.19%"
"09-04-2019","10.03","10.08","10.12","9.86","37.54M","-0.10%"
"08-04-2019","10.04","10.05","10.18","9.84","69.08M","0.70%"
"05-04-2019","9.97","9.65","10.08","9.61","65.44M","3.96%"
"04-04-2019","9.59","9.90","9.92","9.55","61.50M","-2.94%"
"03-04-2019","9.88","10.12","10.19","9.80","55.20M","-1.30%"
"02-04-2019","10.01","9.76","10.37","9.74","113.12M","2.77%"
"01-04-2019","9.74","9.69","9.96","9.58","78.65M","1.04%"
"29-03-2019","9.64","9.41","10.07","9.36","101.27M","2.77%"
"28-03-2019","9.38","9.39","9.52","9.32","42.61M","0.00%"
"27-03-2019","9.38","9.62","9.69","9.30","39.13M","-1.88%"
"26-03-2019","9.56","9.58","9.76","9.48","47.29M","0.42%"
"25-03-2019","9.52","9.52","9.67","9.45","41.70M","-1.24%"
"22-03-2019","9.64","9.76","10.02","9.57","74.76M","-0.82%"
"20-03-2019","9.72","10.00","10.05","9.57","65.39M","-2.80%"
"19-03-2019","10.00","9.97","10.45","9.81","73.30M","0.30%"
"18-03-2019","9.97","10.18","10.23","9.83","52.91M","-1.97%"
"15-03-2019","10.17","10.10","10.25","10.04","54.14M","-0.59%"
"14-03-2019","10.23","10.23","10.38","10.05","47.12M","-0.87%"
"13-03-2019","10.32","10.44","10.45","10.15","48.82M","-1.34%"
"12-03-2019","10.46","10.58","10.65","10.26","94.46M","1.06%"
"11-03-2019","10.35","9.94","10.49","9.87","118.39M","3.50%"
"08-03-2019","10.00","10.08","10.15","9.87","59.54M","-0.79%"
"07-03-2019","10.08","10.20","10.32","10.04","56.53M","-0.59%"
"06-03-2019","10.14","10.34","10.34","9.96","89.38M","-0.88%"
"05-03-2019","10.23","9.80","10.45","9.78","137.28M","5.68%"
"01-03-2019","9.68","9.67","9.80","9.55","82.45M","0.52%"
"28-02-2019","9.63","9.52","9.76","9.26","122.82M","0.84%"
"27-02-2019","9.55","9.69","9.99","9.30","196.64M","2.36%"
"26-02-2019","9.33","7.94","9.78","7.60","196.85M","15.33%"
"25-02-2019","8.09","7.97","8.20","7.27","89.18M","1.51%"
"22-02-2019","7.97","7.87","8.08","7.84","60.33M","0.76%"
"21-02-2019","7.91","8.05","8.19","7.77","70.66M","0.00%"
"20-02-2019","7.91","7.41","8.22","7.37","58.29M","7.33%"
"19-02-2019","7.37","7.45","7.82","7.30","56.98M","-2.12%"
"18-02-2019","7.53","7.87","7.94","7.41","41.81M","-4.32%"
"15-02-2019","7.87","7.40","8.06","7.26","80.14M","5.92%"
"14-02-2019","7.43","7.31","7.51","7.01","49.66M","0.81%"
"13-02-2019","7.37","6.76","7.50","6.65","122.28M","8.54%"
"12-02-2019","6.79","6.94","7.08","6.72","32.85M","-2.16%"
"11-02-2019","6.94","7.15","7.23","6.67","58.95M","-2.53%"
"08-02-2019","7.12","7.15","7.41","7.04","50.05M","-3.13%"
"07-02-2019","7.35","7.52","7.52","7.07","81.99M","-3.42%"
"06-02-2019","7.61","7.59","7.73","6.92","146.26M","0.79%"
"05-02-2019","7.55","7.91","8.14","7.28","81.02M","-5.03%"
"04-02-2019","7.95","8.85","8.86","7.73","109.11M","-10.07%"
"01-02-2019","8.84","9.27","9.37","8.37","55.17M","-2.86%"
"31-01-2019","9.10","8.95","9.30","8.61","88.21M","2.25%"
"30-01-2019","8.90","8.62","9.05","8.56","81.62M","3.13%"
"29-01-2019","8.63","8.00","8.80","7.96","164.72M","7.74%"
"28-01-2019","8.01","9.80","10.10","7.80","251.46M","-18.51%"
"25-01-2019","9.83","10.39","10.43","9.65","73.89M","-5.66%"
"24-01-2019","10.42","10.32","10.54","10.28","48.39M","0.68%"
"23-01-2019","10.35","10.27","10.50","10.27","50.52M","0.88%"
"22-01-2019","10.26","9.92","10.44","9.91","71.82M","3.01%"
"21-01-2019","9.96","10.04","10.28","9.85","65.72M","-1.87%"
"18-01-2019","10.15","10.31","10.42","10.01","55.45M","-0.20%"
"17-01-2019","10.17","9.98","10.27","9.86","51.99M","2.11%"
"16-01-2019","9.96","10.02","10.09","9.84","27.28M","-0.90%"
"15-01-2019","10.05","9.94","10.26","9.94","46.98M","1.41%"
"14-01-2019","9.91","10.05","10.07","9.88","26.63M","-1.39%"
"11-01-2019","10.05","10.15","10.15","9.97","14.67M","-0.50%"
"10-01-2019","10.10","10.22","10.22","10.04","17.48M","-0.79%"
"09-01-2019","10.18","10.35","10.38","10.08","36.59M","-1.26%"
"08-01-2019","10.31","10.03","10.52","9.95","73.47M","2.38%"
"07-01-2019","10.07","10.15","10.16","9.91","43.59M","0.60%"
"04-01-2019","10.01","10.08","10.13","9.94","48.10M","-0.60%"
"03-01-2019","10.07","10.12","10.17","9.76","35.57M","-0.40%"
"02-01-2019","10.11","10.17","10.21","10.04","30.87M","-0.59%"
"01-01-2019","10.17","10.20","10.23","10.09","31.51M","-0.20%"
"31-12-2018","10.19","10.18","10.26","10.12","27.95M","0.00%"
"28-12-2018","10.19","10.25","10.34","10.12","46.82M","-0.78%"
"27-12-2018","10.27","10.24","10.40","10.20","52.63M","0.98%"
"26-12-2018","10.17","10.10","10.38","9.90","61.62M","0.10%"
"24-12-2018","10.16","10.17","10.28","9.88","29.58M","0.89%"
"21-12-2018","10.07","10.47","10.52","10.00","54.16M","-3.17%"
"20-12-2018","10.40","10.41","10.51","10.32","41.25M","-1.33%"
"19-12-2018","10.54","10.60","10.74","10.41","50.00M","-0.19%"
"18-12-2018","10.56","10.41","10.64","10.37","34.57M","-0.19%"
"17-12-2018","10.58","10.47","10.71","10.36","37.34M","1.15%"
"14-12-2018","10.46","10.39","10.60","10.25","46.16M","0.67%"
"13-12-2018","10.39","10.80","10.85","10.00","67.79M","-1.61%"
"12-12-2018","10.56","10.25","10.65","10.25","69.82M","3.94%"
"11-12-2018","10.16","9.51","10.34","9.49","122.21M","3.78%"
"10-12-2018","9.79","9.74","9.99","9.71","84.35M","-6.85%"
"07-12-2018","10.51","10.41","10.60","10.29","48.47M","0.86%"
"06-12-2018","10.42","10.79","10.79","9.96","95.39M","-3.61%"
"05-12-2018","10.81","11.00","11.04","10.70","89.53M","-3.91%"
"04-12-2018","11.25","11.60","11.60","11.08","90.36M","-2.77%"
"03-12-2018","11.57","11.27","11.67","11.14","149.57M","4.23%"
"30-11-2018","11.10","11.14","11.26","10.86","151.02M","0.09%"
"29-11-2018","11.09","10.98","11.50","10.90","195.59M","1.84%"
"28-11-2018","10.89","10.14","10.98","9.82","192.49M","7.61%"
"27-11-2018","10.12","10.10","10.24","10.03","66.64M","0.20%"
"26-11-2018","10.10","9.60","10.20","9.60","157.46M","6.20%"
"22-11-2018","9.51","9.33","9.62","9.24","62.28M","2.48%"
"21-11-2018","9.28","9.38","9.50","9.19","77.81M","-1.80%"
"20-11-2018","9.45","9.48","9.80","9.35","70.76M","-0.32%"
"19-11-2018","9.48","9.51","9.64","9.31","49.50M","-0.32%"
"16-11-2018","9.51","9.71","9.71","9.35","81.12M","-2.36%"
"15-11-2018","9.74","9.78","10.00","9.66","77.64M","-1.22%"
"14-11-2018","9.86","9.79","10.04","9.67","93.93M","1.54%"
"13-11-2018","9.71","9.63","9.84","9.48","102.80M","0.83%"
"12-11-2018","9.63","10.03","10.05","9.38","97.59M","-3.70%"
"09-11-2018","10.00","9.92","10.18","9.85","84.96M","0.81%"
"07-11-2018","9.92","9.96","10.05","9.84","17.08M","0.61%"
"06-11-2018","9.86","10.14","10.19","9.73","84.96M","-1.99%"
"05-11-2018","10.06","9.80","10.20","9.72","155.83M","0.90%"
"02-11-2018","9.97","10.05","10.55","9.73","304.05M","-0.70%"
"01-11-2018","10.04","9.16","10.38","9.00","384.57M","8.89%"
"31-10-2018","9.22","9.00","9.33","8.73","201.92M","3.02%"
"30-10-2018","8.95","8.39","9.12","8.32","261.97M","5.79%"
"29-10-2018","8.46","7.14","8.82","6.87","490.81M","18.99%"
"26-10-2018","7.11","6.61","7.23","6.46","128.30M","7.73%"
"25-10-2018","6.60","6.65","6.74","6.53","76.04M","-2.08%"
"24-10-2018","6.74","6.77","6.83","6.67","83.66M","0.90%"
"23-10-2018","6.68","6.60","6.80","6.56","95.42M","0.15%"
"22-10-2018","6.67","6.79","6.90","6.52","87.70M","-0.15%"
"19-10-2018","6.68","6.80","6.92","6.56","126.98M","-3.05%"
"17-10-2018","6.89","7.22","7.41","6.62","251.59M","-3.77%"
"16-10-2018","7.16","7.06","7.30","6.98","163.61M","2.73%"
"15-10-2018","6.97","6.60","7.06","6.56","276.66M","7.07%"
"12-10-2018","6.51","6.14","6.83","6.08","472.63M","8.50%"
"11-10-2018","6.00","5.60","6.29","5.34","320.58M","0.00%"
"10-10-2018","6.00","4.79","6.40","4.74","209.66M","25.26%"
"09-10-2018","4.79","4.74","4.86","4.53","102.03M","1.91%"
"08-10-2018","4.70","4.68","4.81","4.20","120.36M","0.21%"
"05-10-2018","4.69","4.86","4.98","4.58","78.08M","-3.70%"
"04-10-2018","4.87","5.08","5.14","4.76","105.75M","-6.17%"
"03-10-2018","5.19","5.20","5.39","5.10","95.04M","-0.38%"
"01-10-2018","5.21","4.70","5.36","4.42","150.18M","9.45%"
"28-09-2018","4.76","5.12","5.22","4.70","101.69M","-7.21%"
"27-09-2018","5.13","5.19","5.35","5.00","88.23M","-1.35%"
"26-09-2018","5.20","5.04","5.32","4.94","95.17M","4.00%"
"25-09-2018","5.00","4.80","5.09","4.71","100.68M","1.01%"
"24-09-2018","4.95","5.48","5.48","4.86","167.55M","-5.17%"
"21-09-2018","5.22","5.86","5.98","4.99","176.37M","-10.92%"
"19-09-2018","5.86","5.94","6.00","5.78","84.33M","-0.85%"
"18-09-2018","5.91","6.11","6.16","5.86","86.46M","-3.27%"
"17-09-2018","6.11","6.21","6.24","6.07","105.74M","-1.61%"
"14-09-2018","6.21","6.07","6.26","6.05","77.64M","3.33%"
"12-09-2018","6.01","6.10","6.13","5.80","155.89M","-0.99%"
"11-09-2018","6.07","6.26","6.46","6.00","134.78M","-2.88%"
"10-09-2018","6.25","6.46","6.56","6.20","91.16M","-3.99%"
"07-09-2018","6.51","6.38","6.63","6.32","98.31M","2.04%"
"06-09-2018","6.38","6.40","6.50","6.28","122.13M","0.16%"
"05-09-2018","6.37","6.54","6.63","6.13","172.53M","-2.15%"
"04-09-2018","6.51","6.76","6.83","6.43","151.45M","-3.41%"
"03-09-2018","6.74","7.13","7.22","6.64","121.41M","-4.80%"
"31-08-2018","7.08","6.91","7.13","6.71","153.80M","2.76%"
"30-08-2018","6.89","7.14","7.16","6.85","141.24M","-2.27%"
"29-08-2018","7.05","6.93","7.20","6.83","256.04M","1.15%"
"28-08-2018","6.97","6.68","7.15","6.50","342.86M","4.03%"
"27-08-2018","6.70","6.36","6.78","6.29","198.05M","6.86%"
"24-08-2018","6.27","6.38","6.43","6.18","96.65M","-1.72%"
"23-08-2018","6.38","6.64","6.66","6.30","140.24M","-2.30%"
"21-08-2018","6.53","6.40","6.64","6.32","129.61M","3.49%"
"20-08-2018","6.31","6.29","6.39","6.26","94.87M","0.96%"
"17-08-2018","6.25","6.32","6.44","6.18","91.90M","-0.48%"
"16-08-2018","6.28","6.28","6.44","6.21","163.32M","-0.95%"
"14-08-2018","6.34","6.19","6.47","6.19","145.02M","3.09%"
"13-08-2018","6.15","6.26","6.42","6.12","158.26M","-1.76%"
"10-08-2018","6.26","6.40","6.47","6.05","195.86M","-3.40%"
"09-08-2018","6.48","6.56","6.70","6.37","248.71M","3.68%"
"08-08-2018","6.25","5.90","6.40","5.57","508.96M","4.69%"
"07-08-2018","5.97","6.20","6.24","5.80","445.64M","-9.55%"
"06-08-2018","6.60","6.45","6.72","6.44","259.34M","3.12%"
"03-08-2018","6.40","5.96","6.47","5.96","371.83M","7.20%"
"02-08-2018","5.97","6.23","6.25","5.86","353.26M","-4.17%"
"01-08-2018","6.23","6.38","6.54","6.11","374.25M","-0.64%"
"31-07-2018","6.27","5.79","6.33","5.70","503.74M","7.92%"
"30-07-2018","5.81","5.26","5.96","5.16","363.84M","10.88%"
"27-07-2018","5.24","5.26","5.40","5.16","196.31M","-0.38%"
"26-07-2018","5.26","5.12","5.34","4.88","314.26M","-0.38%"
"25-07-2018","5.28","5.18","5.52","5.09","332.58M","1.93%"
"24-07-2018","5.18","4.98","5.25","4.87","217.20M","3.81%"
"23-07-2018","4.99","4.93","5.18","4.82","265.72M","1.22%"
"20-07-2018","4.93","4.46","5.00","4.33","414.22M","10.54%"
"19-07-2018","4.46","4.19","4.49","4.10","228.06M","8.25%"
"18-07-2018","4.12","4.19","4.22","4.02","185.44M","-1.67%"
"17-07-2018","4.19","3.90","4.22","3.86","272.99M","7.16%"
"16-07-2018","3.91","3.92","4.02","3.77","112.81M","-1.26%"
"13-07-2018","3.96","3.89","4.06","3.68","306.18M","2.59%"
"12-07-2018","3.86","4.11","4.13","3.75","356.20M","-5.39%"
"11-07-2018","4.08","3.45","4.18","3.41","621.73M","17.58%"
"10-07-2018","3.47","3.32","3.50","3.31","65.82M","4.83%"
"09-07-2018","3.31","3.33","3.40","3.28","40.69M","-0.60%"
"06-07-2018","3.33","3.14","3.43","3.11","102.68M","7.07%"
"05-07-2018","3.11","3.20","3.22","3.07","47.92M","-3.42%"
"04-07-2018","3.22","3.18","3.26","3.14","43.73M","0.62%"
"03-07-2018","3.20","3.09","3.23","3.06","52.35M","3.56%"
"02-07-2018","3.09","3.24","3.24","3.03","71.45M","-4.33%"
"29-06-2018","3.23","3.12","3.29","3.08","92.29M","4.19%"
"28-06-2018","3.10","3.25","3.27","3.05","121.14M","-4.91%"
"27-06-2018","3.26","3.42","3.46","3.20","87.12M","-4.68%"
"26-06-2018","3.42","3.56","3.61","3.40","69.93M","-4.74%"
"25-06-2018","3.59","3.74","3.77","3.54","58.91M","-2.97%"
"22-06-2018","3.70","3.72","3.74","3.58","57.95M","-1.07%"
"21-06-2018","3.74","3.89","3.91","3.69","73.40M","-2.35%"
"20-06-2018","3.83","3.68","3.85","3.64","44.28M","3.51%"
"19-06-2018","3.70","3.62","3.74","3.59","46.38M","1.37%"
"18-06-2018","3.65","3.67","3.70","3.60","41.01M","-1.08%"
"15-06-2018","3.69","3.84","3.87","3.65","60.94M","-3.66%"
"14-06-2018","3.83","3.84","3.87","3.76","33.36M","-0.78%"
"13-06-2018","3.86","3.86","3.93","3.83","36.39M","0.00%"
"12-06-2018","3.86","3.90","3.92","3.77","57.18M","-1.28%"
"11-06-2018","3.91","3.85","4.02","3.83","54.79M","1.03%"
"08-06-2018","3.87","3.84","3.90","3.76","44.56M","0.26%"
"07-06-2018","3.86","3.79","3.90","3.67","97.23M","5.75%"
"06-06-2018","3.65","3.50","3.69","3.48","99.80M","4.29%"
"05-06-2018","3.50","3.69","3.69","3.43","78.83M","-5.15%"
"04-06-2018","3.69","3.95","3.95","3.65","79.09M","-5.87%"
"01-06-2018","3.92","3.98","4.04","3.71","84.61M","-2.73%"
"31-05-2018","4.03","4.04","4.10","3.98","66.69M","0.75%"
"30-05-2018","4.00","4.10","4.10","3.96","99.24M","-2.44%"
"29-05-2018","4.10","4.03","4.31","4.01","96.67M","1.23%"
"28-05-2018","4.05","4.06","4.08","3.93","68.30M","1.00%"
"25-05-2018","4.01","3.80","4.12","3.73","118.44M","6.08%"
"24-05-2018","3.78","4.01","4.04","3.71","101.92M","-5.97%"
"23-05-2018","4.02","4.06","4.09","3.96","57.96M","-0.50%"
"22-05-2018","4.04","4.16","4.20","4.00","69.07M","-2.42%"
"21-05-2018","4.14","4.26","4.31","4.06","35.93M","-2.13%"
"18-05-2018","4.23","4.49","4.51","4.17","45.18M","-5.37%"
"17-05-2018","4.47","4.36","4.55","4.26","46.65M","2.52%"
"16-05-2018","4.36","4.40","4.42","4.27","30.98M","-0.91%"
"15-05-2018","4.40","4.28","4.48","4.21","70.36M","0.92%"
"14-05-2018","4.36","4.79","4.79","4.14","65.51M","-8.60%"
"11-05-2018","4.77","4.90","4.90","4.70","36.36M","-2.25%"
"10-05-2018","4.88","4.93","4.93","4.79","89.15M","-0.61%"
"09-05-2018","4.91","4.90","4.95","4.88","92.01M","-0.41%"
"08-05-2018","4.93","5.04","5.06","4.87","103.63M","-1.79%"
"07-05-2018","5.02","5.02","5.05","4.91","90.16M","-0.59%"
"04-05-2018","5.05","4.88","5.12","4.86","59.97M","2.64%"
"03-05-2018","4.92","5.03","5.03","4.85","32.07M","-2.38%"
"02-05-2018","5.04","5.11","5.22","4.98","37.45M","-1.95%"
"30-04-2018","5.14","5.08","5.24","5.04","36.33M","1.58%"
"27-04-2018","5.06","4.90","5.09","4.88","58.86M","4.12%"
"26-04-2018","4.86","4.92","4.96","4.83","62.82M","-2.02%"
"25-04-2018","4.96","5.02","5.05","4.93","26.94M","-1.98%"
"24-04-2018","5.06","5.17","5.18","4.98","47.04M","-2.13%"
"23-04-2018","5.17","5.20","5.22","5.13","30.68M","-0.58%"
"20-04-2018","5.20","5.24","5.30","5.14","114.56M","-0.57%"
"19-04-2018","5.23","5.16","5.26","5.10","131.08M","1.36%"
"18-04-2018","5.16","5.14","5.24","5.10","147.78M","0.58%"
"17-04-2018","5.13","5.13","5.17","5.06","138.82M","-0.58%"
"16-04-2018","5.16","5.11","5.20","5.02","142.70M","0.19%"
"13-04-2018","5.15","5.18","5.26","5.09","101.60M","0.19%"
"12-04-2018","5.14","5.30","5.30","5.05","127.55M","-3.38%"
"11-04-2018","5.32","5.34","5.38","5.20","70.11M","0.76%"
"10-04-2018","5.28","5.14","5.37","5.11","122.30M","2.92%"
"09-04-2018","5.13","5.15","5.20","5.07","53.06M","0.00%"
"06-04-2018","5.13","5.12","5.20","5.06","73.00M","0.59%"
"05-04-2018","5.10","5.12","5.17","5.05","72.58M","1.80%"
"04-04-2018","5.01","5.01","5.27","4.95","132.36M","-0.20%"
"03-04-2018","5.02","4.84","5.04","4.74","86.53M","2.66%"
"02-04-2018","4.89","4.90","4.94","4.72","65.42M","3.16%"
"28-03-2018","4.74","4.99","4.99","4.71","116.59M","-5.95%"
"27-03-2018","5.04","4.89","5.07","4.85","59.70M","4.78%"
"26-03-2018","4.81","4.83","4.88","4.62","63.84M","-0.21%"
"23-03-2018","4.82","4.88","4.90","4.73","60.15M","-4.17%"
"22-03-2018","5.03","5.17","5.21","5.00","37.05M","-1.95%"
"21-03-2018","5.13","5.20","5.29","5.10","37.89M","-0.58%"
"20-03-2018","5.16","5.12","5.26","5.10","55.80M","-1.15%"
"19-03-2018","5.22","5.48","5.54","5.20","68.60M","-4.40%"
"16-03-2018","5.46","5.66","5.78","5.41","72.10M","-2.85%"
"15-03-2018","5.62","5.42","5.75","5.42","74.83M","2.93%"
"14-03-2018","5.46","5.28","5.51","5.24","53.96M","2.25%"
"13-03-2018","5.34","5.23","5.44","5.16","55.83M","1.33%"
"12-03-2018","5.27","5.12","5.30","5.08","49.90M","3.54%"
"09-03-2018","5.09","5.22","5.26","5.01","77.57M","-2.49%"
"08-03-2018","5.22","5.43","5.49","5.03","135.90M","-4.74%"
"07-03-2018","5.48","5.80","5.85","5.41","77.99M","-7.12%"
"06-03-2018","5.90","6.18","6.29","5.75","39.61M","-4.38%"
"05-03-2018","6.17","6.27","6.33","6.03","33.36M","-1.59%"